Location ID,Location,Value,Rank,Anomaly (1901-2000 base period),1901-2000 Mean
AL-001,,65.1,125,9,56.1
AL-003,,68.6,126,9,59.6
AL-005,,65.8,125,8.7,57.1
AL-007,,62.6,123,8,54.6
AL-009,,60.4,123,8.4,52
AL-011,,64.8,125,8.6,56.2
AL-013,,66.4,126,9.3,57.1
AL-015,,60.7,123,8.1,52.6
AL-017,,61,121,7.6,53.4
AL-019,,59.4,122,7.5,51.9
AL-021,,63.1,124,8.4,54.7
AL-023,,66.2,126,9.2,57
AL-025,,66.9,126,9.4,57.5
AL-027,,60.7,123,7.9,52.8
AL-029,,60,123,8.4,51.6
AL-031,,67.9,126,9.8,58.1
AL-033,,58.4,121,7.6,50.8
AL-035,,67.8,126,9.8,58
AL-037,,62.3,123,7.9,54.4
AL-039,,67.8,126,9.7,58.1
AL-041,,66.2,126,9.3,56.9
AL-043,,59.8,122,8.2,51.6
AL-045,,68,126,9.6,58.4
AL-047,,65.6,125,8.9,56.7
AL-049,,57.5,120,6.9,50.6
AL-051,,64,123,8.2,55.8
AL-053,,68.3,126,9.5,58.8
AL-055,,59.6,121,7.3,52.3
AL-057,,61.4,121,8,53.4
AL-059,,58.8,122,7.9,50.9
AL-061,,68.7,126,9.8,58.9
AL-063,,64.3,123,8.5,55.8
AL-065,,64,124,8.3,55.7
AL-067,,67.7,126,9.4,58.3
AL-069,,68.6,126,9.3,59.3
AL-071,,56.8,117,6.2,50.6
AL-073,,61.5,123,8.1,53.4
AL-075,,61.5,121,8,53.5
AL-077,,57.4,118,7,50.4
AL-079,,58.1,119,7,51.1
AL-081,,62.7,121,7.8,54.9
AL-083,,57.7,116,6.8,50.9
AL-085,,66.2,126,9.3,56.9
AL-087,,63.9,122,7.9,56
AL-089,,57.8,117,6.8,51
AL-091,,65.5,125,8.9,56.6
AL-093,,60.1,122,8.1,52
AL-095,,58.9,121,7.3,51.6
AL-097,,68.4,125,9.2,59.2
AL-099,,67.7,126,9.9,57.8
AL-101,,65.6,125,9,56.6
AL-103,,58.6,122,7.2,51.4
AL-105,,64.2,124,8.5,55.7
AL-107,,63.2,123,8.5,54.7
AL-109,,66,126,9,57
AL-111,,59.9,121,7.6,52.3
AL-113,,64.2,123,8,56.2
AL-115,,61,123,8.2,52.8
AL-117,,62.1,123,8.2,53.9
AL-119,,65.1,124,8.9,56.2
AL-121,,62,123,8.2,53.8
AL-123,,61.6,121,7.5,54.1
AL-125,,62.6,121,8,54.6
AL-127,,60.9,122,7.8,53.1
AL-129,,67.2,126,9.2,58
AL-131,,66.4,126,9.1,57.3
AL-133,,59,122,7.5,51.5
AZ-001,,43.3,104,3.4,39.9
AZ-003,,53,85,1.6,51.4
AZ-005,,44.1,88,2.2,41.9
AZ-007,,50.3,83,1.7,48.6
AZ-009,,52.3,86,1.7,50.6
AZ-011,,49,97,2.6,46.4
AZ-012,,60,51,-0.4,60.4
AZ-013,,59.6,65,0.5,59.1
AZ-015,,50.9,55,0,50.9
AZ-017,,44.4,99,3.1,41.3
AZ-019,,57.6,69,0.8,56.8
AZ-021,,58.8,76,1.3,57.5
AZ-023,,51.8,75,1,50.8
AZ-025,,48.9,65,0.8,48.1
AZ-027,,61.4,52,-0.2,61.6
AR-001,,58.8,115,5.6,53.2
AR-003,,62.2,122,7.3,54.9
AR-005,,52.3,109,4.9,47.4
AR-007,,53.8,116,6.2,47.6
AR-009,,52.4,113,5.4,47
AR-011,,61.1,121,6.8,54.3
AR-013,,60.2,117,5.9,54.3
AR-015,,52.7,114,5.7,47
AR-017,,60.7,117,5.6,55.1
AR-019,,57.5,106,4.2,53.3
AR-021,,53.9,113,5.1,48.8
AR-023,,54.2,110,4.6,49.6
AR-025,,58.5,112,4.7,53.8
AR-027,,60.9,118,5.9,55
AR-029,,55.6,110,4.6,51
AR-031,,54.3,108,4.6,49.7
AR-033,,55.9,117,6.1,49.8
AR-035,,57.2,115,5.6,51.6
AR-037,,55.9,106,4.6,51.3
AR-039,,58,107,4.4,53.6
AR-041,,59,115,5,54
AR-043,,60.2,117,6,54.2
AR-045,,55.4,106,4.1,51.3
AR-047,,55.3,115,5.5,49.8
AR-049,,52.4,112,5.5,46.9
AR-051,,56.1,109,4.4,51.7
AR-053,,57.5,106,4.2,53.3
AR-055,,54,108,4.8,49.2
AR-057,,58.8,114,5.1,53.7
AR-059,,57,106,4.2,52.8
AR-061,,57.8,115,5.5,52.3
AR-063,,53.8,106,4.4,49.4
AR-065,,52.5,106,4.6,47.9
AR-067,,54.1,102,3.9,50.2
AR-069,,57.7,108,4.3,53.4
AR-071,,54.3,112,5.1,49.2
AR-073,,60.9,117,5.9,55
AR-075,,53.5,106,4.4,49.1
AR-077,,57.9,114,5.5,52.4
AR-079,,58.8,115,5.1,53.7
AR-081,,60.3,118,6.6,53.7
AR-083,,56.1,114,5.3,50.8
AR-085,,56.5,105,3.9,52.6
AR-087,,52.7,114,5.8,46.9
AR-089,,52.3,110,4.9,47.4
AR-091,,60.9,116,5.9,55
AR-093,,55.2,110,4.9,50.3
AR-095,,58.1,115,5.6,52.5
AR-097,,56.5,114,5.4,51.1
AR-099,,59,113,4.9,54.1
AR-101,,52.2,114,5.4,46.8
AR-103,,59.6,114,5.1,54.5
AR-105,,55.7,106,4.2,51.5
AR-107,,58.6,115,5.7,52.9
AR-109,,57,110,4.8,52.2
AR-111,,54.8,107,4.4,50.4
AR-113,,56.4,118,6.2,50.2
AR-115,,54.7,112,4.9,49.8
AR-117,,57.1,110,4.6,52.5
AR-119,,56.2,103,3.8,52.4
AR-121,,53.3,111,5,48.3
AR-123,,57.1,113,5.1,52
AR-125,,56.2,105,4.1,52.1
AR-127,,56.2,117,5.8,50.4
AR-129,,52.5,110,5,47.5
AR-131,,57,118,6.1,50.9
AR-133,,59.4,119,6.7,52.7
AR-135,,52.7,110,4.8,47.9
AR-137,,52.8,108,4.6,48.2
AR-139,,61.9,121,7,54.9
AR-141,,53.6,111,4.7,48.9
AR-143,,53.9,115,6.1,47.8
AR-145,,55.8,110,4.6,51.2
AR-147,,55.7,105,4.2,51.5
AR-149,,56.2,112,5,51.2
CA-001,,51.7,54,-0.2,51.9
CA-003,,32.3,43,-1.2,33.5
CA-005,,46.9,38,-1.5,48.4
CA-007,,49.7,53,-0.6,50.3
CA-009,,47.4,43,-1.3,48.7
CA-011,,50.5,32,-1.8,52.3
CA-013,,52.4,52,-0.6,53
CA-015,,43.5,68,0.1,43.4
CA-017,,42.1,35,-1.7,43.8
CA-019,,44.9,50,-0.5,45.4
CA-021,,50,55,-0.6,50.6
CA-023,,45.8,57,-0.4,46.2
CA-025,,61.9,37,-1.2,63.1
CA-027,,47.7,33,-1.8,49.5
CA-029,,50.6,40,-1,51.6
CA-031,,54.4,56,-0.2,54.6
CA-033,,46.2,37,-1.5,47.7
CA-035,,36,52,-0.9,36.9
CA-037,,51,40,-1.1,52.1
CA-039,,45.7,54,-0.5,46.2
CA-041,,51.3,71,0.3,51
CA-043,,43.2,32,-2,45.2
CA-045,,46.4,37,-1.4,47.8
CA-047,,53.3,52,-0.4,53.7
CA-049,,37,68,0.6,36.4
CA-051,,32,40,-1.3,33.3
CA-053,,50.5,60,-0.2,50.7
CA-055,,50.9,57,-0.2,51.1
CA-057,,40.8,39,-1.7,42.5
CA-059,,56.2,47,-0.2,56.4
CA-061,,42.3,37,-1.6,43.9
CA-063,,36.1,43,-1.5,37.6
CA-065,,56.3,37,-1.2,57.5
CA-067,,54.2,65,-0.1,54.3
CA-069,,48.8,51,-0.6,49.4
CA-071,,54,35,-1.4,55.4
CA-073,,52.5,43,-0.9,53.4
CA-075,,52.9,69,0.3,52.6
CA-077,,53.9,57,-0.1,54
CA-079,,50.4,50,-0.4,50.8
CA-081,,52.1,76,0.9,51.2
CA-083,,50.8,72,0.9,49.9
CA-085,,50.5,69,0.3,50.2
CA-087,,51.9,82,1.2,50.7
CA-089,,44.2,50,-1,45.2
CA-091,,35.7,43,-1.3,37
CA-093,,39.1,70,0.1,39
CA-095,,53.6,59,-0.1,53.7
CA-097,,49.9,46,-0.7,50.6
CA-099,,53,62,-0.1,53.1
CA-101,,53.3,45,-1.2,54.5
CA-103,,48.1,54,-0.5,48.6
CA-105,,42.2,54,-0.7,42.9
CA-107,,42.7,38,-1.2,43.9
CA-109,,38.1,35,-2,40.1
CA-111,,48.6,58,0.1,48.5
CA-113,,53.1,52,-0.6,53.7
CA-115,,50.4,41,-1.3,51.7
CO-001,,41.8,105,4.6,37.2
CO-003,,38,116,5.5,32.5
CO-005,,41.2,102,4.3,36.9
CO-007,,36.4,107,4,32.4
CO-009,,47.8,116,6,41.8
CO-011,,47.7,116,6.1,41.6
CO-013,,37.4,106,4.5,32.9
CO-014,,43.1,106,4.6,38.5
CO-015,,31.2,111,4.4,26.8
CO-017,,44.4,114,5.6,38.8
CO-019,,30.7,112,5.1,25.6
CO-021,,34.4,112,4.8,29.6
CO-023,,36.6,115,5.4,31.2
CO-025,,45.6,116,5.8,39.8
CO-027,,35.6,113,5.4,30.2
CO-029,,40.4,115,5.4,35
CO-031,,43,106,4.6,38.4
CO-033,,35.8,109,4.1,31.7
CO-035,,39.2,101,4,35.2
CO-037,,32.5,112,4.8,27.7
CO-039,,40.2,109,4.9,35.3
CO-041,,41,112,5.2,35.8
CO-043,,38.6,106,4.2,34.4
CO-045,,36.2,112,4.8,31.4
CO-047,,32.2,110,4.4,27.8
CO-049,,30.3,111,5,25.3
CO-051,,31.4,112,5.2,26.2
CO-053,,28.5,110,4.5,24
CO-055,,41.3,118,5.8,35.5
CO-057,,30.1,115,5.8,24.3
CO-059,,38.5,100,4,34.5
CO-061,,45.7,115,5.5,40.2
CO-063,,44,113,5.8,38.2
CO-065,,26.6,107,3.8,22.8
CO-067,,37.4,107,3.8,33.6
CO-069,,34.8,112,5.1,29.7
CO-071,,45.7,117,6.2,39.5
CO-073,,42.6,114,5.1,37.5
CO-075,,41.4,105,4.4,37
CO-077,,40.6,113,5.2,35.4
CO-079,,29.6,111,4.6,25
CO-081,,35.9,110,4.7,31.2
CO-083,,41.2,107,3.9,37.3
CO-085,,40.8,112,5.3,35.5
CO-087,,41.6,109,5.1,36.5
CO-089,,47.6,117,6.1,41.5
CO-091,,34.9,114,5.5,29.4
CO-093,,31.2,105,4.3,26.9
CO-095,,42.1,108,5.2,36.9
CO-097,,30.7,112,4.6,26.1
CO-099,,47.3,115,5.7,41.6
CO-101,,45.7,116,5.3,40.4
CO-103,,36.7,111,4.8,31.9
CO-105,,33.6,112,4.7,28.9
CO-107,,32.7,114,5.5,27.2
CO-109,,32.7,112,4.4,28.3
CO-111,,27.8,109,4.3,23.5
CO-113,,38,112,5,33
CO-115,,41.8,104,4.8,37
CO-117,,29.1,114,5.4,23.7
CO-119,,33.1,105,4.4,28.7
CO-121,,41.6,102,4.6,37
CO-123,,40.7,105,4.5,36.2
CO-125,,43.3,109,5.4,37.9
CT-001,,43.1,119,6.4,36.7
CT-003,,41.9,118,6.2,35.7
CT-005,,39.2,116,5.9,33.3
CT-007,,42.6,117,6.3,36.3
CT-009,,42.5,119,6.2,36.3
CT-011,,42.6,118,6.4,36.2
CT-013,,41.3,118,6.3,35
CT-015,,41.3,117,6.1,35.2
DE-001,,49.4,121,6.7,42.7
DE-003,,48.4,121,6.8,41.6
DE-005,,50.1,123,6.8,43.3
FL-001,,69.1,125,6.8,62.3
FL-003,,68.6,126,7.8,60.8
FL-005,,69.4,126,9.1,60.3
FL-007,,69.3,126,7.6,61.7
FL-009,,72,124,6.4,65.6
FL-011,,74.7,124,5.5,69.2
FL-013,,68.9,126,9,59.9
FL-015,,72.9,123,5.6,67.3
FL-017,,70.9,126,7.3,63.6
FL-019,,70.5,126,8.7,61.8
FL-021,,73.2,121,4.6,68.6
FL-023,,67.7,123,6.7,61
FL-027,,72,123,5.4,66.6
FL-029,,68,123,6.6,61.4
FL-031,,70.2,126,9.2,61
FL-033,,69,126,9.2,59.8
FL-035,,71.4,126,8.3,63.1
FL-037,,69.6,126,9.1,60.5
FL-039,,68.6,126,8.8,59.8
FL-041,,68.1,122,6.5,61.6
FL-043,,72.8,124,5.5,67.3
FL-045,,69.7,126,9.3,60.4
FL-047,,67.4,123,7,60.4
FL-049,,71.9,123,5.8,66.1
FL-051,,73.2,124,5.2,68
FL-053,,71.9,126,7.8,64.1
FL-055,,72.6,123,6,66.6
FL-057,,72.7,126,7.2,65.5
FL-059,,68.9,126,9.5,59.4
FL-061,,71.8,123,5.7,66.1
FL-063,,68.6,126,8.7,59.9
FL-065,,68.4,126,8.4,60
FL-067,,67.4,121,6.5,60.9
FL-069,,72,126,7.4,64.6
FL-071,,73.5,123,5.5,68
FL-073,,68.9,126,8.9,60
FL-075,,69.2,124,6.9,62.3
FL-077,,69.1,126,9.1,60
FL-079,,67.5,124,7.4,60.1
FL-081,,71.9,124,5.9,66
FL-083,,70.6,126,7.2,63.4
FL-085,,73.5,124,5.8,67.7
FL-086,,74.6,123,5,69.6
FL-087,,74.7,121,4.7,70
FL-089,,69.2,126,8.8,60.4
FL-091,,68.5,126,9.3,59.2
FL-093,,72.3,124,5.7,66.6
FL-095,,72.4,126,7,65.4
FL-097,,72.4,126,6.5,65.9
FL-099,,74.4,125,6,68.4
FL-101,,72.3,126,7.7,64.6
FL-103,,73.1,126,7.3,65.8
FL-105,,72.4,125,6.6,65.8
FL-107,,71,126,8.2,62.8
FL-109,,71,126,9,62
FL-111,,72.4,123,5.4,67
FL-113,,68.8,126,9.1,59.7
FL-115,,71.5,121,4.9,66.6
FL-117,,72.4,126,7.2,65.2
FL-119,,71.5,126,7.2,64.3
FL-121,,67.3,121,6.4,60.9
FL-123,,68,125,7.3,60.7
FL-125,,68.4,124,7,61.4
FL-127,,71.7,126,7.5,64.2
FL-129,,69,126,8.7,60.3
FL-131,,68.7,126,9.5,59.2
FL-133,,68.9,126,9,59.9
GA-001,,66,124,7.7,58.3
GA-003,,67,125,8.3,58.7
GA-005,,66.2,124,7.7,58.5
GA-007,,67.8,125,9.1,58.7
GA-009,,62.4,121,7.4,55
GA-011,,57.1,116,5.6,51.5
GA-013,,57.9,117,6.2,51.7
GA-015,,58.2,122,7.1,51.1
GA-017,,66.4,125,8.9,57.5
GA-019,,66.9,125,8.4,58.5
GA-021,,63.7,123,8.5,55.2
GA-023,,64.3,122,7.9,56.4
GA-025,,66.6,124,7.7,58.9
GA-027,,67.3,125,8.1,59.2
GA-029,,66,124,7.7,58.3
GA-031,,65.1,123,7.8,57.3
GA-033,,63.4,122,7.8,55.6
GA-035,,61.4,122,8.1,53.3
GA-037,,67.3,125,9.1,58.2
GA-039,,67.7,125,7.9,59.8
GA-043,,64.9,123,7.7,57.2
GA-045,,60,123,8.6,51.4
GA-047,,57.2,120,7,50.2
GA-049,,68.1,126,8.1,60
GA-051,,66.4,125,8.2,58.2
GA-053,,64,122,7.9,56.1
GA-055,,58,121,7.1,50.9
GA-057,,57.2,120,6.8,50.4
GA-059,,58.4,118,6.1,52.3
GA-061,,67,125,9.2,57.8
GA-063,,60.6,123,8.2,52.4
GA-065,,67.4,123,7.8,59.6
GA-067,,59,122,7.9,51.1
GA-069,,66.5,125,8.3,58.2
GA-071,,67,126,8.5,58.5
GA-073,,62,121,7.6,54.4
GA-075,,67,126,8.3,58.7
GA-077,,61.2,124,8.7,52.5
GA-079,,63.4,124,8.4,55
GA-081,,66.4,126,9.5,56.9
GA-083,,56,119,6.4,49.6
GA-085,,55.4,118,6.1,49.3
GA-087,,68.4,126,8.9,59.5
GA-089,,59.6,122,7.9,51.7
GA-091,,65.1,125,8.1,57
GA-093,,65.3,125,8.9,56.4
GA-095,,67.4,125,9.1,58.3
GA-097,,60,123,8.6,51.4
GA-099,,68,126,9.3,58.7
GA-101,,67.4,123,7.4,60
GA-103,,65.3,124,7.9,57.4
GA-105,,58.6,119,6.5,52.1
GA-107,,63.9,121,7.3,56.6
GA-109,,65.7,123,7.7,58
GA-111,,53.6,122,6.6,47
GA-113,,61.4,124,8.8,52.6
GA-115,,58.8,122,7.3,51.5
GA-117,,56.5,118,6.2,50.3
GA-119,,57.1,116,5.5,51.6
GA-121,,59.6,123,8.1,51.5
GA-123,,54.3,118,6.3,48
GA-125,,61.8,121,7,54.8
GA-127,,67,124,7.6,59.4
GA-129,,57.5,120,6.5,51
GA-131,,68.1,126,8.8,59.3
GA-133,,59.7,119,6.4,53.3
GA-135,,58,121,6.8,51.2
GA-137,,55.3,116,5.6,49.7
GA-139,,56.5,117,5.8,50.7
GA-141,,61.2,120,6.8,54.4
GA-143,,59.6,123,8.8,50.8
GA-145,,62.2,122,7.9,54.3
GA-147,,57.6,118,6.1,51.5
GA-149,,60.4,122,7.9,52.5
GA-151,,60.9,122,8,52.9
GA-153,,64.4,124,8.3,56.1
GA-155,,66.6,125,8.9,57.7
GA-157,,57.8,117,6,51.8
GA-159,,61.2,122,7.8,53.4
GA-161,,65.9,125,8.1,57.8
GA-163,,62.5,121,7.1,55.4
GA-165,,63.8,124,7.8,56
GA-167,,63.2,121,6.9,56.3
GA-169,,62.7,123,8.2,54.5
GA-171,,62.2,123,8.6,53.6
GA-173,,67,124,7.9,59.1
GA-175,,64.3,121,7.6,56.7
GA-177,,66.8,126,9.2,57.6
GA-179,,66,123,7.4,58.6
GA-181,,60.4,120,7,53.4
GA-183,,66,122,7.2,58.8
GA-185,,67.1,124,7.8,59.3
GA-187,,54.7,119,6.2,48.5
GA-189,,61.3,120,7.2,54.1
GA-191,,66.5,124,7.5,59
GA-193,,64.4,125,8.5,55.9
GA-195,,57.8,118,6,51.8
GA-197,,63.6,122,8,55.6
GA-199,,61.7,123,8.3,53.4
GA-201,,68.2,126,9.2,59
GA-205,,67.6,125,8.8,58.8
GA-207,,62.6,123,8.5,54.1
GA-209,,65.1,123,7.8,57.3
GA-211,,59.6,120,6.6,53
GA-213,,56.6,120,6.7,49.9
GA-215,,63.6,122,7.9,55.7
GA-217,,60,121,7.3,52.7
GA-219,,58.8,119,6.3,52.5
GA-221,,58.6,118,6.2,52.4
GA-223,,59.2,122,8.1,51.1
GA-225,,63.8,124,8.3,55.5
GA-227,,55.7,118,6.3,49.4
GA-229,,66.5,124,7.7,58.8
GA-231,,62.2,124,8.7,53.5
GA-233,,59.8,122,8.5,51.3
GA-235,,64.8,124,8.2,56.6
GA-237,,61,120,7.1,53.9
GA-239,,65.7,125,8.6,57.1
GA-241,,53.8,121,6.2,47.6
GA-243,,66,125,8.8,57.2
GA-245,,63.2,122,8,55.2
GA-247,,59.9,121,7.6,52.3
GA-249,,64.3,125,8.3,56
GA-251,,64.1,123,7.8,56.3
GA-253,,68.5,126,8.9,59.6
GA-255,,61.8,122,8.5,53.3
GA-257,,56.4,114,5.1,51.3
GA-259,,64.6,125,8.2,56.4
GA-261,,65.5,126,8.8,56.7
GA-263,,62.5,122,7.9,54.6
GA-265,,60,120,6.6,53.4
GA-267,,65.9,123,7.7,58.2
GA-269,,63.3,122,8.1,55.2
GA-271,,65.8,125,8.3,57.5
GA-273,,66.3,125,8.9,57.4
GA-275,,67.7,126,8.5,59.2
GA-277,,66.8,126,9,57.8
GA-279,,65.5,123,7.8,57.7
GA-281,,53.2,122,6.8,46.4
GA-283,,64.4,122,7.5,56.9
GA-285,,61.1,122,7.7,53.4
GA-287,,66.5,125,9.3,57.2
GA-289,,63.9,123,8,55.9
GA-291,,53.3,122,6.7,46.6
GA-293,,62.6,124,8.4,54.2
GA-295,,57,120,7,50
GA-297,,58.8,121,6.7,52.1
GA-299,,67.3,124,7.9,59.4
GA-301,,61,120,6.9,54.1
GA-303,,62.5,120,6.8,55.7
GA-305,,66.1,124,7.4,58.7
GA-307,,64.7,125,8.3,56.4
GA-309,,65.4,125,8,57.4
GA-311,,54.7,119,6,48.7
GA-313,,57.3,121,7,50.3
GA-315,,65.9,125,8.9,57
GA-317,,59.5,120,6.6,52.9
GA-319,,63.4,121,7.5,55.9
GA-321,,66.9,126,9.2,57.7
ID-001,,44.4,93,2.1,42.3
ID-003,,35.3,96,2.5,32.8
ID-005,,37.2,103,3.9,33.3
ID-007,,32.4,106,5,27.4
ID-009,,36.4,63,0.2,36.2
ID-011,,37,103,4,33
ID-013,,33.5,95,3.2,30.3
ID-015,,35.1,93,2.6,32.5
ID-017,,33.9,60,0.1,33.8
ID-019,,34,106,4.4,29.6
ID-021,,31.8,69,0.7,31.1
ID-023,,33.2,99,3.6,29.6
ID-025,,32.6,100,3.5,29.1
ID-027,,44.9,84,1.5,43.4
ID-029,,33.5,103,4,29.5
ID-031,,38.1,98,3.1,35
ID-033,,31.1,103,3.9,27.2
ID-035,,35.3,79,1.2,34.1
ID-037,,29.6,94,3,26.6
ID-039,,39.5,105,3.5,36
ID-041,,36.1,101,4.2,31.9
ID-043,,31.3,107,4.7,26.6
ID-045,,41.2,87,1.8,39.4
ID-047,,40.5,97,3.1,37.4
ID-049,,33.4,85,1.6,31.8
ID-051,,35.2,101,4.1,31.1
ID-053,,41.9,106,3.8,38.1
ID-055,,36,67,0.2,35.8
ID-057,,37.7,68,0.6,37.1
ID-059,,30.2,84,1.9,28.3
ID-061,,36.6,67,0.3,36.3
ID-063,,38.5,97,3.5,35
ID-065,,34.7,107,4.9,29.8
ID-067,,39.1,101,3.9,35.2
ID-069,,40.1,67,0.5,39.6
ID-071,,37.9,102,3.7,34.2
ID-073,,39.2,92,2.2,37
ID-075,,43.5,78,1.3,42.2
ID-077,,37.8,101,3.3,34.5
ID-079,,33,66,0.4,32.6
ID-081,,31.8,111,5,26.8
ID-083,,39.6,90,2.4,37.2
ID-085,,30.9,93,2.7,28.2
ID-087,,40.4,97,2.6,37.8
IL-001,,44.9,104,4.5,40.4
IL-003,,52,114,5.6,46.4
IL-005,,46.7,102,3.9,42.8
IL-007,,39.5,109,5.1,34.4
IL-009,,44.8,103,4.5,40.3
IL-011,,40.9,104,4.4,36.5
IL-013,,46.6,101,4.2,42.4
IL-015,,40.5,111,5.7,34.8
IL-017,,44.7,103,4.2,40.5
IL-019,,43.1,103,4.2,38.9
IL-021,,45,102,4.1,40.9
IL-023,,45.2,101,4,41.2
IL-025,,47.5,108,4.7,42.8
IL-027,,47.8,105,4.4,43.4
IL-029,,44.5,103,3.9,40.6
IL-031,,41.1,107,4.8,36.3
IL-033,,46.9,107,4.7,42.2
IL-035,,45.4,102,4.1,41.3
IL-037,,39.2,100,4,35.2
IL-039,,43.8,106,4.9,38.9
IL-041,,44.2,105,4.4,39.8
IL-043,,40.6,107,4.7,35.9
IL-045,,44.2,100,4,40.2
IL-047,,48.8,111,4.9,43.9
IL-049,,46.2,104,4.4,41.8
IL-051,,46.3,101,4,42.3
IL-053,,42.6,106,4.6,38
IL-055,,49.4,109,4.8,44.6
IL-057,,43.4,102,4.1,39.3
IL-059,,50.9,112,5.3,45.6
IL-061,,46.1,101,4,42.1
IL-063,,41.1,102,4.1,37
IL-065,,49.5,111,5,44.5
IL-067,,44,104,4.6,39.4
IL-069,,51.5,110,5.5,46
IL-071,,42.7,102,4.4,38.3
IL-073,,41.3,106,4.7,36.6
IL-075,,42.7,108,4.8,37.9
IL-077,,49.7,106,4.8,44.9
IL-079,,46.9,109,4.8,42.1
IL-081,,48.6,108,4.7,43.9
IL-083,,47,103,4.4,42.6
IL-085,,39.6,110,5.5,34.1
IL-087,,51.4,112,5.8,45.6
IL-089,,39.6,104,4.2,35.4
IL-091,,41.6,104,4.3,37.3
IL-093,,40.5,102,4,36.5
IL-095,,41.6,103,4.1,37.5
IL-097,,39.9,109,5.2,34.7
IL-099,,40.9,102,4.1,36.8
IL-101,,48,110,4.9,43.1
IL-103,,40.2,107,4.7,35.5
IL-105,,41.7,103,4.3,37.4
IL-107,,44.5,108,4.8,39.7
IL-109,,43.1,101,4.1,39
IL-111,,39.3,110,5.1,34.2
IL-113,,43,106,5.1,37.9
IL-115,,44.6,106,4.7,39.9
IL-117,,45.9,100,4.1,41.8
IL-119,,47.9,106,4.7,43.2
IL-121,,47.4,107,4.3,43.1
IL-123,,42,104,4.4,37.6
IL-125,,44.5,106,4.4,40.1
IL-127,,52.7,113,6.3,46.4
IL-129,,44.6,105,4.4,40.2
IL-131,,41.7,101,4.4,37.3
IL-133,,50.1,111,5.6,44.5
IL-135,,45.4,98,3.7,41.7
IL-137,,45,102,4.3,40.7
IL-139,,44.5,103,4.2,40.3
IL-141,,40.1,110,5.3,34.8
IL-143,,43,105,4.8,38.2
IL-145,,49,107,4.8,44.2
IL-147,,43.7,105,4.5,39.2
IL-149,,45.6,101,4.3,41.3
IL-151,,51.7,110,5.8,45.9
IL-153,,52.3,114,5.9,46.4
IL-155,,41.6,103,4.1,37.5
IL-157,,49.5,109,5.1,44.4
IL-159,,47.9,111,4.8,43.1
IL-161,,41.7,107,5,36.7
IL-163,,49,109,5,44
IL-165,,50.6,111,5.3,45.3
IL-167,,44.8,104,4.3,40.5
IL-169,,44.4,102,4.4,40
IL-171,,45.5,101,4.2,41.3
IL-173,,45.1,102,4,41.1
IL-175,,41.6,104,4.5,37.1
IL-177,,39.4,110,5.5,33.9
IL-179,,43.8,107,5,38.8
IL-181,,50.9,112,5.4,45.5
IL-183,,43.2,103,4,39.2
IL-185,,48.9,111,5,43.9
IL-187,,41.8,100,4.1,37.7
IL-189,,48.4,107,4.6,43.8
IL-191,,48.6,111,4.9,43.7
IL-193,,49.9,111,5.1,44.8
IL-195,,41.1,110,5.3,35.8
IL-197,,41,102,4,37
IL-199,,50.2,109,5.2,45
IL-201,,39.8,109,5.3,34.5
IL-203,,42.5,106,4.9,37.6
IN-001,,42.4,108,5.3,37.1
IN-003,,41.6,108,4.9,36.7
IN-005,,47.4,112,5.8,41.6
IN-007,,42.3,104,4.6,37.7
IN-009,,43.1,106,5,38.1
IN-011,,43.5,108,5.3,38.2
IN-013,,46.5,112,5.6,40.9
IN-015,,42.6,104,4.5,38.1
IN-017,,41.7,102,4.1,37.6
IN-019,,49.9,115,6.3,43.6
IN-021,,45,103,4.4,40.6
IN-023,,43,106,4.9,38.1
IN-025,,48.7,110,5,43.7
IN-027,,48,113,5.7,42.3
IN-029,,47.7,115,6.2,41.5
IN-031,,46.7,110,5.7,41
IN-033,,41,109,5.3,35.7
IN-035,,44.4,110,5.8,38.6
IN-037,,48.6,113,5.4,43.2
IN-039,,40,104,4.6,35.4
IN-041,,45.2,113,5.8,39.4
IN-043,,50.3,115,6.5,43.8
IN-045,,43.7,106,4.7,39
IN-047,,46.1,113,5.7,40.4
IN-049,,41.2,106,4.7,36.5
IN-051,,49.3,112,5.2,44.1
IN-053,,42.9,108,4.6,38.3
IN-055,,46.2,107,5.1,41.1
IN-057,,43.9,108,5,38.9
IN-059,,44.8,109,5.2,39.6
IN-061,,50.1,114,6.1,44
IN-063,,44.2,106,5,39.2
IN-065,,44.5,112,5.9,38.6
IN-067,,42.4,104,4.3,38.1
IN-069,,42.1,106,4.8,37.3
IN-071,,47.9,111,5.7,42.2
IN-073,,41.1,101,4,37.1
IN-075,,43.2,108,5.4,37.8
IN-077,,48.9,115,6.3,42.6
IN-079,,48,114,5.9,42.1
IN-081,,45.7,110,5.4,40.3
IN-083,,48,110,5.2,42.8
IN-085,,40.9,105,4.8,36.1
IN-087,,40.2,108,5,35.2
IN-089,,40.4,100,3.7,36.7
IN-091,,39.9,99,3.9,36
IN-093,,47.2,110,5.4,41.8
IN-095,,44.4,109,5.4,39
IN-097,,44.6,107,4.8,39.8
IN-099,,40.5,105,4.7,35.8
IN-101,,47.8,112,5.8,42
IN-103,,42,104,4.4,37.6
IN-105,,46,109,5.2,40.8
IN-107,,43.7,107,5.2,38.5
IN-109,,45.6,110,5.3,40.3
IN-111,,41.9,103,4.6,37.3
IN-113,,40.6,108,5,35.6
IN-115,,48.8,116,6.6,42.2
IN-117,,48.2,110,5.5,42.7
IN-119,,45.1,104,4.6,40.5
IN-121,,44.5,105,4.7,39.8
IN-123,,48.8,104,4.1,44.7
IN-125,,48.7,113,5.5,43.2
IN-127,,39.9,99,3.6,36.3
IN-129,,50.4,111,5.1,45.3
IN-131,,41,103,4.2,36.8
IN-133,,44.4,107,4.8,39.6
IN-135,,44,112,6.1,37.9
IN-137,,47.3,114,6,41.3
IN-139,,45.4,111,5.7,39.7
IN-141,,39.9,102,4.4,35.5
IN-143,,48.9,115,6.1,42.8
IN-145,,46.1,109,5.5,40.6
IN-147,,49.2,104,4.2,45
IN-149,,40.5,102,4.2,36.3
IN-151,,40.3,111,5.6,34.7
IN-153,,46.2,104,4.6,41.6
IN-155,,49.4,116,6.8,42.6
IN-157,,43.6,108,5.3,38.3
IN-159,,43.1,107,4.8,38.3
IN-161,,45.1,112,5.6,39.5
IN-163,,50.3,111,5.1,45.2
IN-165,,44.3,104,4.3,40
IN-167,,45.3,102,4.4,40.9
IN-169,,42.2,106,4.7,37.5
IN-171,,43,104,4.5,38.5
IN-173,,49.5,110,5,44.5
IN-175,,48.4,113,5.9,42.5
IN-177,,44.5,113,5.9,38.6
IN-179,,42.4,107,5.1,37.3
IN-181,,42.1,104,4.5,37.6
IN-183,,41.1,106,4.6,36.5
IA-001,,41.9,113,6.1,35.8
IA-003,,43.1,116,6.6,36.5
IA-005,,37.5,112,5.6,31.9
IA-007,,43.5,112,5.5,38
IA-009,,41.2,111,6.4,34.8
IA-011,,39,103,4.4,34.6
IA-013,,39,109,5.3,33.7
IA-015,,40.9,110,5.9,35
IA-017,,37.8,107,5.3,32.5
IA-019,,37.9,106,4.6,33.3
IA-021,,37.9,107,5.5,32.4
IA-023,,38.6,111,5.9,32.7
IA-025,,39.6,110,5.9,33.7
IA-027,,40.6,111,6.5,34.1
IA-029,,42.5,113,6.3,36.2
IA-031,,40.4,106,4.7,35.7
IA-033,,37.6,111,6.2,31.4
IA-035,,38.1,106,5.4,32.7
IA-037,,36.3,105,4.9,31.4
IA-039,,43.4,112,6.2,37.2
IA-041,,37.7,110,6.1,31.6
IA-043,,37.8,107,5,32.8
IA-045,,41,109,5.3,35.7
IA-047,,40.9,113,6.5,34.4
IA-049,,42.2,112,6,36.2
IA-051,,43.4,108,5.2,38.2
IA-053,,43.7,111,5.8,37.9
IA-055,,38.4,108,5.3,33.1
IA-057,,42.8,104,4.7,38.1
IA-059,,36.3,107,5.7,30.6
IA-061,,38.7,106,5,33.7
IA-063,,36.2,106,5.5,30.7
IA-065,,36.9,108,4.9,32
IA-067,,37.5,110,5.7,31.8
IA-069,,38.5,111,6.2,32.3
IA-071,,44.6,110,6,38.6
IA-073,,40.6,109,5.8,34.8
IA-075,,39.6,111,5.9,33.7
IA-077,,41.7,112,6.3,35.4
IA-079,,39.4,109,5.6,33.8
IA-081,,37.2,110,5.6,31.6
IA-083,,39.5,110,6,33.5
IA-085,,41.7,109,5.6,36.1
IA-087,,42.7,105,4.8,37.9
IA-089,,35.4,107,5.2,30.2
IA-091,,38.4,107,5.3,33.1
IA-093,,39.4,109,5.8,33.6
IA-095,,41.4,112,5.6,35.8
IA-097,,40.3,110,5.4,34.9
IA-099,,42.1,113,6.1,36
IA-101,,42.8,108,5.1,37.7
IA-103,,41.3,110,5.3,36
IA-105,,39.9,110,5.5,34.4
IA-107,,43,114,6.4,36.6
IA-109,,36.9,106,5.3,31.6
IA-111,,43.5,102,4.4,39.1
IA-113,,40,110,5.6,34.4
IA-115,,41.8,101,4.3,37.5
IA-117,,43.4,111,5.9,37.5
IA-119,,36.7,103,5.1,31.6
IA-121,,42.8,112,6.2,36.6
IA-123,,43.4,114,6.5,36.9
IA-125,,43.1,110,5.7,37.4
IA-127,,40.8,113,6,34.8
IA-129,,44,111,6.2,37.8
IA-131,,36.5,111,5.7,30.8
IA-133,,40.6,108,5.4,35.2
IA-135,,43.6,112,5.9,37.7
IA-137,,44,115,6.8,37.2
IA-139,,40.8,100,3.9,36.9
IA-141,,37.4,107,5.6,31.8
IA-143,,36,103,5.1,30.9
IA-145,,44.6,115,6.7,37.9
IA-147,,37.4,107,5.7,31.7
IA-149,,38.7,105,5.4,33.3
IA-151,,38,106,5.1,32.9
IA-153,,42.5,112,6,36.5
IA-155,,42.8,112,6,36.8
IA-157,,41.7,114,6.2,35.5
IA-159,,43.7,115,6.3,37.4
IA-161,,39.5,110,6.1,33.4
IA-163,,41.3,107,5.1,36.2
IA-165,,41.6,112,6.3,35.3
IA-167,,37.2,98,4.7,32.5
IA-169,,41.1,112,6.2,34.9
IA-171,,40.1,110,5.5,34.6
IA-173,,44,116,6.7,37.3
IA-175,,43,114,6.4,36.6
IA-177,,42.6,100,4.1,38.5
IA-179,,43.7,114,6.1,37.6
IA-181,,43.4,112,6.1,37.3
IA-183,,42.2,111,5.4,36.8
IA-185,,43.2,110,5.4,37.8
IA-187,,39.5,108,5.6,33.9
IA-189,,36.3,109,5.4,30.9
IA-191,,36.4,111,5.7,30.7
IA-193,,40,109,5.7,34.3
IA-195,,36.5,111,5.8,30.7
IA-197,,38.3,109,5.6,32.7
KS-001,,50.5,113,5.6,44.9
KS-003,,49.7,113,5.6,44.1
KS-005,,47.2,111,5.8,41.4
KS-007,,49.8,105,4.8,45
KS-009,,46.9,102,4.7,42.2
KS-011,,50.6,112,5.5,45.1
KS-013,,46.4,112,5.9,40.5
KS-015,,49.8,111,5.4,44.4
KS-017,,48.3,109,5.1,43.2
KS-019,,52.2,116,5.6,46.6
KS-021,,52.8,116,5.9,46.9
KS-023,,44.4,112,5.7,38.7
KS-025,,50.2,109,5.4,44.8
KS-027,,47.2,111,5.5,41.7
KS-029,,46.4,111,5.4,41
KS-031,,49.3,113,5.4,43.9
KS-033,,50.1,109,5.2,44.9
KS-035,,51.3,111,5.5,45.8
KS-037,,51.4,112,5.5,45.9
KS-039,,45.2,115,6.2,39
KS-041,,48.1,112,5.6,42.5
KS-043,,46.9,111,5.7,41.2
KS-045,,49,112,5.8,43.2
KS-047,,48.2,108,5.4,42.8
KS-049,,51.1,113,5.6,45.5
KS-051,,46.7,107,5.4,41.3
KS-053,,47.3,108,5,42.3
KS-055,,47.6,114,6.1,41.5
KS-057,,48.4,110,5.5,42.9
KS-059,,49.6,113,6,43.6
KS-061,,47.8,111,5.5,42.3
KS-063,,46.6,114,6.2,40.4
KS-065,,46.2,109,5.8,40.4
KS-067,,48.8,116,6.1,42.7
KS-069,,48.1,113,5.8,42.3
KS-071,,46,115,6.1,39.9
KS-073,,49.8,112,5.4,44.4
KS-075,,48,118,6.3,41.7
KS-077,,50.4,102,4.8,45.6
KS-079,,49.6,112,5.7,43.9
KS-081,,48.4,114,5.8,42.6
KS-083,,48.2,112,5.8,42.4
KS-085,,47,111,5.7,41.3
KS-087,,47.8,110,5.6,42.2
KS-089,,44.4,106,4.7,39.7
KS-091,,48.9,113,6,42.9
KS-093,,48,115,6.4,41.6
KS-095,,49.2,102,4.6,44.6
KS-097,,48.9,108,5.2,43.7
KS-099,,52.8,119,5.9,46.9
KS-101,,47,114,6.3,40.7
KS-103,,48.6,113,6.2,42.4
KS-105,,47.1,109,5.4,41.7
KS-107,,50.2,113,5.8,44.4
KS-109,,46.1,111,6.1,40
KS-111,,48.2,110,5.1,43.1
KS-113,,48.7,112,5.7,43
KS-115,,48.7,112,5.6,43.1
KS-117,,44.7,104,4.5,40.2
KS-119,,49.9,111,5.6,44.3
KS-121,,49.5,114,5.9,43.6
KS-123,,46,109,5,41
KS-125,,52.9,118,5.9,47
KS-127,,47.7,112,5.4,42.3
KS-129,,50.1,118,6.7,43.4
KS-131,,45.2,108,5.1,40.1
KS-133,,51.3,112,5.4,45.9
KS-135,,47.4,110,5.6,41.8
KS-137,,45.1,109,5.7,39.4
KS-139,,49.4,113,6.3,43.1
KS-141,,46,105,5.1,40.9
KS-143,,47.6,111,5.7,41.9
KS-145,,47.5,105,5.1,42.4
KS-147,,45.3,106,5.4,39.9
KS-149,,46.8,110,5.4,41.4
KS-151,,48.3,103,4.6,43.7
KS-153,,44.5,110,5.7,38.8
KS-155,,48.7,106,4.8,43.9
KS-157,,44.7,108,5,39.7
KS-159,,47.8,104,4.9,42.9
KS-161,,47.3,110,5.5,41.8
KS-163,,46.4,107,5.6,40.8
KS-165,,47,105,5.1,41.9
KS-167,,46.8,105,5.1,41.7
KS-169,,48.2,109,5.6,42.6
KS-171,,46.8,115,6.3,40.5
KS-173,,50.2,111,5.4,44.8
KS-175,,49.9,115,6.1,43.8
KS-177,,48.6,113,6.1,42.5
KS-179,,46,115,6.5,39.5
KS-181,,44.6,114,6.1,38.5
KS-183,,44.8,105,4.8,40
KS-185,,47.5,103,4.6,42.9
KS-187,,48.9,116,6.2,42.7
KS-189,,49.8,117,6.4,43.4
KS-191,,51.1,111,5.3,45.8
KS-193,,45,112,6.1,38.9
KS-195,,46.5,108,5.5,41
KS-197,,48.5,114,6.3,42.2
KS-199,,45.4,115,6.1,39.3
KS-201,,45.2,106,5.1,40.1
KS-203,,46.6,117,6.4,40.2
KS-205,,51.6,114,5.6,46
KS-207,,50.3,113,5.5,44.8
KS-209,,48.9,114,6.2,42.7
KY-001,,52.1,115,6.4,45.7
KY-003,,52.7,110,5.2,47.5
KY-005,,50.6,116,6.7,43.9
KY-007,,52.8,114,6,46.8
KY-009,,52.1,109,5.2,46.9
KY-011,,50.1,115,6,44.1
KY-013,,50.6,111,5.2,45.4
KY-015,,48.8,118,6.7,42.1
KY-017,,49.5,116,6.3,43.2
KY-019,,50.2,115,6.3,43.9
KY-021,,50.4,115,6.2,44.2
KY-023,,48.9,114,6.3,42.6
KY-025,,52.2,114,6.5,45.7
KY-027,,49.8,107,4.8,45
KY-029,,51.5,116,6.6,44.9
KY-031,,52.9,114,6.2,46.7
KY-033,,53.2,114,6.2,47
KY-035,,53.3,110,5.1,48.2
KY-037,,48.8,115,6.4,42.4
KY-039,,53.2,113,6,47.2
KY-041,,50,116,6.7,43.3
KY-043,,49.6,115,6.2,43.4
KY-045,,51,115,6.3,44.7
KY-047,,54.1,115,6.6,47.5
KY-049,,50.2,116,6.3,43.9
KY-051,,51.8,115,6.1,45.7
KY-053,,53.1,116,6.7,46.4
KY-055,,52.4,112,6,46.4
KY-057,,53.4,115,6.4,47
KY-059,,50.4,108,4.6,45.8
KY-061,,52.2,113,5.7,46.5
KY-063,,50,115,6,44
KY-065,,51.5,115,6.4,45.1
KY-067,,49.8,116,6.5,43.3
KY-069,,49.5,115,6.1,43.4
KY-071,,51.8,114,5.7,46.1
KY-073,,50.7,116,7,43.7
KY-075,,53.7,113,5.6,48.1
KY-077,,49.8,117,6.8,43
KY-079,,51,115,6.5,44.5
KY-081,,49.3,116,6.6,42.7
KY-083,,53.3,113,5.7,47.6
KY-085,,51.1,113,5.5,45.6
KY-087,,51.8,114,6,45.8
KY-089,,49.4,115,6.3,43.1
KY-091,,49.3,100,3.9,45.4
KY-093,,50.8,114,5.9,44.9
KY-095,,49.2,112,5.1,44.1
KY-097,,49.3,114,6.3,43
KY-099,,51.7,114,5.7,46
KY-101,,51,111,5.1,45.9
KY-103,,50.2,116,6.9,43.3
KY-105,,53.4,114,5.8,47.6
KY-107,,53.1,115,6.2,46.9
KY-109,,51.2,115,6.4,44.8
KY-111,,51.2,115,6.6,44.6
KY-113,,50.3,116,6.4,43.9
KY-115,,50.9,114,5.8,45.1
KY-117,,48.7,118,6.5,42.2
KY-119,,51.5,115,6,45.5
KY-121,,51.8,113,5.8,46
KY-123,,51.2,114,6,45.2
KY-125,,51.7,115,6.2,45.5
KY-127,,50.6,115,6,44.6
KY-129,,51.9,114,6.3,45.6
KY-131,,51.3,114,5.9,45.4
KY-133,,50.3,112,5.5,44.8
KY-135,,49.2,115,6.2,43
KY-137,,50.8,116,6.4,44.4
KY-139,,52.8,112,6,46.8
KY-141,,53.5,115,6.1,47.4
KY-143,,53.3,111,5.9,47.4
KY-145,,53.2,114,6.4,46.8
KY-147,,52.1,115,6.3,45.8
KY-149,,51.9,112,5.6,46.3
KY-151,,51.1,116,6.5,44.6
KY-153,,51.3,115,6.2,45.1
KY-155,,51.1,114,6.1,45
KY-157,,53.4,110,5.8,47.6
KY-159,,51.2,114,5.5,45.7
KY-161,,49,114,6.3,42.7
KY-163,,49.9,112,5.3,44.6
KY-165,,50.5,116,6.1,44.4
KY-167,,50.5,116,6.4,44.1
KY-169,,51.8,114,5.6,46.2
KY-171,,52.4,111,5.3,47.1
KY-173,,50.1,115,6.3,43.8
KY-175,,50.7,115,6.1,44.6
KY-177,,53.3,115,6.4,46.9
KY-179,,51.2,115,6.3,44.9
KY-181,,49.4,115,6.2,43.2
KY-183,,51.6,111,5.6,46
KY-185,,50.1,115,6.5,43.6
KY-187,,50,115,6.9,43.1
KY-189,,52.2,115,6.4,45.8
KY-191,,49.2,116,6.4,42.8
KY-193,,51.7,114,6.1,45.6
KY-195,,51.9,115,6,45.9
KY-197,,51,115,6.2,44.8
KY-199,,51.8,116,6.3,45.5
KY-201,,49.1,114,6.2,42.9
KY-203,,51.4,116,6.5,44.9
KY-205,,49.7,116,5.8,43.9
KY-207,,52.3,116,6.5,45.8
KY-209,,49.7,116,6.6,43.1
KY-211,,50.4,116,6.9,43.5
KY-213,,53.3,114,5.9,47.4
KY-215,,50.9,116,6.7,44.2
KY-217,,51.5,115,6.2,45.3
KY-219,,54,115,6.6,47.4
KY-221,,53.8,114,6,47.8
KY-223,,49.8,115,6.6,43.2
KY-225,,51.5,111,5.3,46.2
KY-227,,53.1,114,5.9,47.2
KY-229,,50.8,116,6.3,44.5
KY-231,,52.5,116,6.6,45.9
KY-233,,52.2,113,5.8,46.4
KY-235,,52,113,5.8,46.2
KY-237,,51.4,115,6.4,45
KY-239,,50.3,116,6.6,43.7
LA-001,,69,124,8,61
LA-003,,68.2,124,8.2,60
LA-005,,69.8,126,9.1,60.7
LA-007,,70.4,126,9.2,61.2
LA-009,,67.6,123,8.1,59.5
LA-011,,68,125,8.5,59.5
LA-013,,63.9,121,7.8,56.1
LA-015,,63.7,121,7.7,56
LA-017,,63.5,121,7,56.5
LA-019,,68.8,125,8.2,60.6
LA-021,,64.9,123,7.8,57.1
LA-023,,69,123,7.8,61.2
LA-025,,66.5,123,8.2,58.3
LA-027,,62.3,121,7,55.3
LA-029,,67,123,8.3,58.7
LA-031,,64.3,121,7.3,57
LA-033,,69.2,125,9.1,60.1
LA-035,,62.9,119,6.9,56
LA-037,,68.2,125,9,59.2
LA-039,,68.2,124,8.2,60
LA-041,,65.1,122,7.7,57.4
LA-043,,66.2,123,8,58.2
LA-045,,69.8,125,8.7,61.1
LA-047,,69.6,125,8.9,60.7
LA-049,,63.7,122,7.6,56.1
LA-051,,70.7,126,8.9,61.8
LA-053,,69,124,7.9,61.1
LA-055,,69.2,124,8.2,61
LA-057,,70.9,126,9,61.9
LA-059,,66.2,123,8.1,58.1
LA-061,,62.9,122,7.4,55.5
LA-063,,69.3,126,9.2,60.1
LA-065,,65.4,123,8.5,56.9
LA-067,,63.2,123,7.5,55.7
LA-069,,65.7,122,7.9,57.8
LA-071,,70.2,126,9.2,61
LA-073,,63.6,122,7.3,56.3
LA-075,,70.5,126,9,61.5
LA-077,,68.4,124,8.2,60.2
LA-079,,67.2,122,8.2,59
LA-081,,64.7,122,7.9,56.8
LA-083,,64,121,7.3,56.7
LA-085,,65.7,124,8.1,57.6
LA-087,,70,126,9.1,60.9
LA-089,,70.6,126,8.9,61.7
LA-091,,68.2,125,9.4,58.8
LA-093,,70.2,126,9.1,61.1
LA-095,,70.1,126,9.1,61
LA-097,,68.4,124,8,60.4
LA-099,,69.7,125,8.7,61
LA-101,,70.6,126,9.3,61.3
LA-103,,69.4,126,9.5,59.9
LA-105,,68.8,125,9.4,59.4
LA-107,,66.2,123,8.5,57.7
LA-109,,71.3,126,9.3,62
LA-111,,62.9,122,7.4,55.5
LA-113,,69.5,124,8.1,61.4
LA-115,,67,125,8.6,58.4
LA-117,,68.4,126,9.6,58.8
LA-119,,63.5,121,7.7,55.8
LA-121,,69.4,125,9,60.4
LA-123,,62.6,119,6.7,55.9
LA-125,,68,124,8.4,59.6
LA-127,,65.1,123,7.9,57.2
ME-001,,34.6,115,5,29.6
ME-003,,24.5,88,1.8,22.7
ME-005,,35.7,116,5,30.7
ME-007,,28.4,110,4.7,23.7
ME-009,,34,111,4.2,29.8
ME-011,,34.5,114,5.1,29.4
ME-013,,34.9,113,4.4,30.5
ME-015,,35.5,114,4.8,30.7
ME-017,,31.4,113,5.1,26.3
ME-019,,30.7,105,3.5,27.2
ME-021,,27.1,104,3.3,23.8
ME-023,,35.8,115,4.9,30.9
ME-025,,27.9,108,4.1,23.8
ME-027,,33.9,112,4.5,29.4
ME-029,,33.3,111,4.6,28.7
ME-031,,36.7,114,4.9,31.8
MD-001,,46.7,120,6.7,40
MD-003,,51,123,7,44
MD-005,,48.6,122,7.2,41.4
MD-009,,51.4,123,7,44.4
MD-011,,50.2,123,6.8,43.4
MD-013,,47.4,121,6.9,40.5
MD-015,,47.7,119,6.1,41.6
MD-017,,52.1,122,7.2,44.9
MD-019,,51.5,123,7.3,44.2
MD-021,,47.9,121,6.7,41.2
MD-023,,43.7,121,7.6,36.1
MD-025,,47.6,119,6.1,41.5
MD-027,,49.2,123,7.4,41.8
MD-029,,48.9,120,5.8,43.1
MD-031,,49.5,121,7.1,42.4
MD-033,,50.8,121,6.8,44
MD-035,,49.6,121,6.3,43.3
MD-037,,51.9,123,7.1,44.8
MD-039,,51.4,122,6.9,44.5
MD-041,,51.1,123,7,44.1
MD-043,,47.4,119,6.6,40.8
MD-045,,50.9,122,6.9,44
MD-047,,50.7,123,6.7,44
MD-510,,50.6,123,7.6,43
MD-511,,50.8,121,6.6,44.2
MA-001,,41.6,118,5.2,36.4
MA-003,,36.6,115,5.7,30.9
MA-005,,42.4,118,5.7,36.7
MA-007,,42.2,119,5.3,36.9
MA-009,,41.2,119,6.3,34.9
MA-011,,38.7,118,6.5,32.2
MA-013,,40,117,5.9,34.1
MA-015,,39.3,117,5.9,33.4
MA-017,,41.3,119,6.3,35
MA-019,,41.8,120,5.4,36.4
MA-021,,42.2,118,6.3,35.9
MA-023,,42.1,118,5.6,36.5
MA-025,,42.5,120,6.5,36
MA-027,,40,118,6.5,33.5
MI-001,,33.2,114,5.7,27.5
MI-003,,29.4,111,4.8,24.6
MI-005,,38.9,108,4.7,34.2
MI-007,,33.2,116,6.1,27.1
MI-009,,33.9,116,6.6,27.3
MI-011,,36.6,118,6.7,29.9
MI-013,,28.5,113,5.7,22.8
MI-015,,38.8,111,5.5,33.3
MI-017,,38.1,117,6.8,31.3
MI-019,,35.1,118,7,28.1
MI-021,,39.6,102,4.1,35.5
MI-023,,40.1,112,5.7,34.4
MI-025,,39.6,113,6,33.6
MI-027,,39.3,106,4.4,34.9
MI-029,,33.7,116,6.4,27.3
MI-031,,32.9,118,6.7,26.2
MI-033,,29.2,115,5.6,23.6
MI-035,,35.5,116,6.7,28.8
MI-037,,38.7,112,5.9,32.8
MI-039,,33.4,115,6.7,26.7
MI-041,,30.9,112,4.9,26
MI-043,,30.4,114,6,24.4
MI-045,,38.8,111,5.7,33.1
MI-047,,32.8,118,6.8,26
MI-049,,39.7,118,7.3,32.4
MI-051,,36.7,117,6.9,29.8
MI-053,,28.2,108,4.9,23.3
MI-055,,35.1,118,7.5,27.6
MI-057,,38.6,116,6.7,31.9
MI-059,,39.5,113,5.6,33.9
MI-061,,29.6,111,5.8,23.8
MI-063,,37,118,6.8,30.2
MI-065,,38.8,111,6,32.8
MI-067,,38.2,111,5.6,32.6
MI-069,,35,117,6.3,28.7
MI-071,,28.9,114,6.1,22.8
MI-073,,37.3,116,6.8,30.5
MI-075,,39,112,5.8,33.2
MI-077,,39.6,111,5.4,34.2
MI-079,,33.8,116,6.8,27
MI-081,,37.9,111,5.4,32.5
MI-083,,29.1,114,5.8,23.3
MI-085,,35.5,112,5.9,29.6
MI-087,,39,118,7,32
MI-089,,35.1,118,7.5,27.6
MI-091,,40,113,5.4,34.6
MI-093,,39.1,116,6.7,32.4
MI-095,,28.5,112,4.9,23.6
MI-097,,30.2,117,5.8,24.4
MI-099,,40.1,117,6.5,33.6
MI-101,,35.2,113,6,29.2
MI-103,,28.6,112,5.2,23.4
MI-105,,35.6,112,5.3,30.3
MI-107,,36.3,115,6.4,29.9
MI-109,,32.2,113,5.5,26.7
MI-111,,38.2,116,6.8,31.4
MI-113,,34.1,116,6.8,27.3
MI-115,,41.4,115,6,35.4
MI-117,,37.4,113,6.3,31.1
MI-119,,33,115,6.3,26.7
MI-121,,37.4,112,5.2,32.2
MI-123,,36.5,112,5.8,30.7
MI-125,,39.5,118,6.8,32.7
MI-127,,36.2,111,5.4,30.8
MI-129,,34.8,117,6.7,28.1
MI-131,,29.2,107,5.3,23.9
MI-133,,34.8,115,6.4,28.4
MI-135,,33.4,115,6.5,26.9
MI-137,,32.2,115,6.2,26
MI-139,,38.2,110,4.8,33.4
MI-141,,33,117,6.5,26.5
MI-143,,34.5,116,7,27.5
MI-145,,39.1,117,6.9,32.2
MI-147,,39.3,116,6.3,33
MI-149,,39.9,108,5,34.9
MI-151,,37.8,116,6.5,31.3
MI-153,,30.1,113,5.1,25
MI-155,,39.2,114,6.6,32.6
MI-157,,38.5,117,6.8,31.7
MI-159,,39.2,107,4.5,34.7
MI-161,,39.4,114,5.9,33.5
MI-163,,40.9,115,6.4,34.5
MI-165,,34.4,116,6.8,27.6
MN-001,,29.7,105,5.5,24.2
MN-003,,35.5,111,6.8,28.7
MN-005,,27.4,91,4,23.4
MN-007,,27.2,100,5.7,21.5
MN-009,,33.1,109,6.3,26.8
MN-011,,33.4,105,5.6,27.8
MN-013,,35.8,105,5.1,30.7
MN-015,,36,109,5.9,30.1
MN-017,,29.9,109,5.8,24.1
MN-019,,36.1,112,6.8,29.3
MN-021,,29.4,105,5.6,23.8
MN-023,,34.6,111,6.2,28.4
MN-025,,34.6,111,6.5,28.1
MN-027,,27.8,87,2.8,25
MN-029,,26.8,93,4.7,22.1
MN-031,,23.9,99,3.6,20.3
MN-033,,35.8,112,6.3,29.5
MN-035,,30.9,106,5.9,25
MN-037,,36.1,110,6.2,29.9
MN-039,,34.8,108,5.6,29.2
MN-041,,30.8,103,5.6,25.2
MN-043,,36,103,5.1,30.9
MN-045,,35.6,109,5.6,30
MN-047,,35.8,109,5.6,30.2
MN-049,,35.8,110,6.2,29.6
MN-051,,31.8,104,5.6,26.2
MN-053,,36.1,112,7,29.1
MN-055,,37.2,114,5.9,31.3
MN-057,,28.4,102,5.2,23.2
MN-059,,34.4,112,6.6,27.8
MN-061,,27.6,100,5.1,22.5
MN-063,,35.8,108,5.9,29.9
MN-065,,32.3,111,6,26.3
MN-067,,34.2,113,6.8,27.4
MN-069,,23.7,85,3.1,20.6
MN-071,,26.2,96,4.9,21.3
MN-073,,34.6,109,5.9,28.7
MN-075,,25.6,102,4.3,21.3
MN-077,,25.9,98,5.6,20.3
MN-079,,35.9,109,5.6,30.3
MN-081,,33.6,105,5.3,28.3
MN-083,,34.3,105,5.1,29.2
MN-085,,35.4,113,6.4,29
MN-087,,25.7,85,2.8,22.9
MN-089,,23.8,82,2.3,21.5
MN-091,,36,110,5.6,30.4
MN-093,,34.2,113,6.4,27.8
MN-095,,32.4,110,6.2,26.2
MN-097,,31.8,107,6,25.8
MN-099,,35.2,108,5.7,29.5
MN-101,,34.5,107,5.5,29
MN-103,,35.9,107,5.6,30.3
MN-105,,35.2,104,5.1,30.1
MN-107,,25.8,78,1.5,24.3
MN-109,,35.5,111,6,29.5
MN-111,,29.6,98,4.9,24.7
MN-113,,23.6,79,1.5,22.1
MN-115,,31.8,110,6.3,25.5
MN-117,,34.9,109,5.9,29
MN-119,,24.5,78,1.3,23.2
MN-121,,32.5,110,6.3,26.2
MN-123,,36,111,6.6,29.4
MN-125,,23.8,78,1.1,22.7
MN-127,,35.2,106,5.5,29.7
MN-129,,35,108,5.8,29.2
MN-131,,35.2,106,5.4,29.8
MN-133,,36.1,107,5.6,30.5
MN-135,,24.8,91,4.8,20
MN-137,,26.9,101,5,21.9
MN-139,,36.3,110,6.3,30
MN-141,,34.2,111,6.5,27.7
MN-143,,35.8,109,6,29.8
MN-145,,33.1,112,6.6,26.5
MN-147,,34.8,104,5.2,29.6
MN-149,,32.8,108,5.9,26.9
MN-151,,34.2,114,6.6,27.6
MN-153,,30.9,105,5.8,25.1
MN-155,,32.7,103,5.5,27.2
MN-157,,36.3,113,6.2,30.1
MN-159,,29.4,99,5.1,24.3
MN-161,,35.3,103,5.1,30.2
MN-163,,35.9,111,6.7,29.2
MN-165,,36.4,112,6.1,30.3
MN-167,,30.6,95,4.4,26.2
MN-169,,36.7,113,6.3,30.4
MN-171,,34.9,112,6.7,28.2
MN-173,,34.4,103,5.3,29.1
MS-001,,66.9,123,8.6,58.3
MS-003,,58.1,120,7.3,50.8
MS-005,,67.4,125,9.3,58.1
MS-007,,62.6,122,8,54.6
MS-009,,58,117,6.8,51.2
MS-011,,59.4,115,5.3,54.1
MS-013,,60.9,119,7.2,53.7
MS-015,,62.8,123,8.4,54.4
MS-017,,61.3,121,7.6,53.7
MS-019,,61.8,122,7.9,53.9
MS-021,,66.9,126,9.4,57.5
MS-023,,66.5,126,9.9,56.6
MS-025,,62.3,121,8.1,54.2
MS-027,,59.1,116,5.8,53.3
MS-029,,66.9,126,9.6,57.3
MS-031,,66.9,126,9.5,57.4
MS-033,,58.3,117,6.2,52.1
MS-035,,67.8,126,9.5,58.3
MS-037,,66.8,124,9,57.8
MS-039,,68.6,126,9.8,58.8
MS-041,,68,126,9.7,58.3
MS-043,,61.7,120,7.6,54.1
MS-045,,69.1,126,9.6,59.5
MS-047,,69,126,9.6,59.4
MS-049,,66.8,126,10,56.8
MS-051,,64,123,8.6,55.4
MS-053,,63.8,123,8,55.8
MS-055,,63.8,123,7.7,56.1
MS-057,,60.5,122,8,52.5
MS-059,,69.2,126,9.8,59.4
MS-061,,66.6,126,10.2,56.4
MS-063,,66.5,124,8.8,57.7
MS-065,,66.7,126,9.2,57.5
MS-067,,67.4,126,9.9,57.5
MS-069,,64.3,124,9,55.3
MS-071,,59.5,117,6.6,52.9
MS-073,,67.5,126,9.3,58.2
MS-075,,65.8,126,10,55.8
MS-077,,66.9,125,9.2,57.7
MS-079,,63.6,123,8.5,55.1
MS-081,,60.8,122,7.9,52.9
MS-083,,63.1,123,8.2,54.9
MS-085,,66.6,125,9.1,57.5
MS-087,,62.9,123,8.4,54.5
MS-089,,65,123,8.7,56.3
MS-091,,67.6,126,9.2,58.4
MS-093,,58.3,117,6.5,51.8
MS-095,,61.4,121,7.7,53.7
MS-097,,61.4,120,7.4,54
MS-099,,63.3,124,8.4,54.9
MS-101,,65.2,126,9.7,55.5
MS-103,,63.8,123,8.9,54.9
MS-105,,63,123,8.6,54.4
MS-107,,59.4,117,6.3,53.1
MS-109,,68.5,126,9.8,58.7
MS-111,,68.2,126,9.9,58.3
MS-113,,67.6,126,9.6,58
MS-115,,60.4,120,7.5,52.9
MS-117,,59.3,121,7.7,51.6
MS-119,,59.5,116,6,53.5
MS-121,,65.9,125,9.5,56.4
MS-123,,64.7,124,9.1,55.6
MS-125,,63.6,122,7.6,56
MS-127,,66.4,126,9.6,56.8
MS-129,,66.3,126,9.9,56.4
MS-131,,68.5,126,9.8,58.7
MS-133,,61.4,117,6.7,54.7
MS-135,,61,116,7,54
MS-137,,58.8,117,6.3,52.5
MS-139,,58.4,119,7.2,51.2
MS-141,,58.4,121,7.5,50.9
MS-143,,58.6,115,5.8,52.8
MS-145,,59.7,119,7.4,52.3
MS-147,,67.6,126,9.4,58.2
MS-149,,66.7,126,9.8,56.9
MS-151,,61,117,5.8,55.2
MS-153,,66.6,126,9.2,57.4
MS-155,,61.4,122,7.6,53.8
MS-157,,67.3,123,8.5,58.8
MS-159,,62.8,123,8.5,54.3
MS-161,,60.6,118,7.1,53.5
MS-163,,65.2,123,8.8,56.4
MO-001,,44.2,106,4.9,39.3
MO-003,,46,107,5.6,40.4
MO-005,,45.6,111,6.2,39.4
MO-007,,46.4,108,4.9,41.5
MO-009,,51.8,113,5.5,46.3
MO-011,,51.1,110,5,46.1
MO-013,,50.3,113,5.7,44.6
MO-015,,49.5,113,5.5,44
MO-017,,50.6,107,4.7,45.9
MO-019,,48.2,113,5.6,42.6
MO-021,,47.1,111,5.8,41.3
MO-023,,52.8,113,4.8,48
MO-025,,46.1,108,5.3,40.8
MO-027,,48.1,110,5.2,42.9
MO-029,,49.9,112,5.4,44.5
MO-031,,51.1,112,5.2,45.9
MO-033,,46.4,104,4.5,41.9
MO-035,,52.1,115,5.9,46.2
MO-037,,49.7,116,6.7,43
MO-039,,51.1,114,5.6,45.5
MO-041,,46.7,107,4.9,41.8
MO-043,,50.4,111,5.3,45.1
MO-045,,43.7,101,4.2,39.5
MO-047,,48.4,118,6.6,41.8
MO-049,,46.8,114,6.1,40.7
MO-051,,49,108,4.9,44.1
MO-053,,48.3,110,5.3,43
MO-055,,48.5,108,4.9,43.6
MO-057,,51.1,111,5.4,45.7
MO-059,,49.8,111,5.3,44.5
MO-061,,45.2,104,4.7,40.5
MO-063,,45.4,104,5.1,40.3
MO-065,,48.9,106,4.8,44.1
MO-067,,50.9,113,5.7,45.2
MO-069,,54.3,112,5.2,49.1
MO-071,,48.6,107,5.1,43.5
MO-073,,48.3,107,4.9,43.4
MO-075,,45.4,110,5.9,39.5
MO-077,,50.2,110,5.3,44.9
MO-079,,45,103,4.5,40.5
MO-081,,44.7,108,5.4,39.3
MO-083,,49.9,113,5.7,44.2
MO-085,,50,113,5.5,44.5
MO-087,,46.5,112,6.1,40.4
MO-089,,47.9,113,5.5,42.4
MO-091,,51.8,116,6.2,45.6
MO-093,,49,108,4.9,44.1
MO-095,,48.9,114,6.5,42.4
MO-097,,52.2,113,5.6,46.6
MO-099,,50,113,5.8,44.2
MO-101,,48.8,113,6,42.8
MO-103,,43.7,102,4.2,39.5
MO-105,,49.5,109,5,44.5
MO-107,,47.8,111,5.6,42.2
MO-109,,50.9,110,5.2,45.7
MO-111,,44.1,99,4,40.1
MO-113,,46.5,101,4.3,42.2
MO-115,,45.3,102,4.4,40.9
MO-117,,45.4,100,4.1,41.3
MO-119,,53.9,118,6.6,47.3
MO-121,,45.8,110,5.5,40.3
MO-123,,49.2,105,4.3,44.9
MO-125,,49.3,108,4.9,44.4
MO-127,,44.9,99,4,40.9
MO-129,,43.9,105,4.7,39.2
MO-131,,49.4,108,5,44.4
MO-133,,53.1,113,5.7,47.4
MO-135,,48.4,107,4.9,43.5
MO-137,,46,106,4.9,41.1
MO-139,,46.7,103,4.5,42.2
MO-141,,48.4,108,4.8,43.6
MO-143,,53.8,112,5.5,48.3
MO-145,,53.4,119,6.5,46.9
MO-147,,45.3,114,6.4,38.9
MO-149,,52.6,115,6.3,46.3
MO-151,,49,109,5,44
MO-153,,51.8,113,5.5,46.3
MO-155,,54.8,112,5.5,49.3
MO-157,,49.7,107,4.7,45
MO-159,,48.7,113,5.5,43.2
MO-161,,49.4,105,4.9,44.5
MO-163,,45.7,100,4.1,41.6
MO-165,,48.6,117,6.7,41.9
MO-167,,50.4,113,5.5,44.9
MO-169,,49.6,108,4.8,44.8
MO-171,,43,102,4.3,38.7
MO-173,,45.5,101,4.3,41.2
MO-175,,47.1,115,5.7,41.4
MO-177,,47.3,111,5.9,41.4
MO-179,,50.2,112,5.5,44.7
MO-181,,52.7,112,5.4,47.3
MO-183,,48.2,108,4.9,43.3
MO-185,,50.2,113,5.1,45.1
MO-186,,49.6,110,5,44.6
MO-187,,49,108,4.8,44.2
MO-189,,49.1,111,5.3,43.8
MO-195,,47.6,106,5,42.6
MO-197,,43.6,105,4.9,38.7
MO-199,,43.2,101,4.2,39
MO-201,,52.4,113,5.5,46.9
MO-203,,51.1,112,5.9,45.2
MO-205,,44.7,103,4.4,40.3
MO-207,,52.9,113,5.2,47.7
MO-209,,51.4,112,5.2,46.2
MO-211,,43.8,101,4.1,39.7
MO-213,,51.8,113,5.3,46.5
MO-215,,49.5,108,4.8,44.7
MO-217,,50.6,111,4.9,45.7
MO-219,,47.4,106,4.8,42.6
MO-221,,48.9,111,5.2,43.7
MO-223,,51.3,111,5,46.3
MO-225,,49.1,109,5.1,44
MO-227,,44.7,114,6.3,38.4
MO-229,,49.3,107,4.9,44.4
MO-510,,49.3,110,5.2,44.1
MT-001,,28.1,85,2.2,25.9
MT-003,,35.2,85,2.9,32.3
MT-005,,29.5,71,1.3,28.2
MT-007,,32,67,1.1,30.9
MT-009,,33,89,2.9,30.1
MT-011,,35,101,5.2,29.8
MT-013,,30.6,55,0.1,30.5
MT-015,,31,59,0.3,30.7
MT-017,,35.8,101,4.7,31.1
MT-019,,28.4,87,4.7,23.7
MT-021,,33.1,92,4.5,28.6
MT-023,,28.5,80,2,26.5
MT-025,,34,100,4.9,29.1
MT-027,,32,69,1.1,30.9
MT-029,,29.8,68,0.9,28.9
MT-031,,30.1,85,2.6,27.5
MT-033,,32.6,80,2.4,30.2
MT-035,,26.1,55,-0.5,26.6
MT-037,,33.2,71,1.4,31.8
MT-039,,30.1,79,1.9,28.2
MT-041,,28.1,62,0.6,27.5
MT-043,,30.7,74,1.8,28.9
MT-045,,29.8,61,1,28.8
MT-047,,34.5,75,1.5,33
MT-049,,29.5,61,0.6,28.9
MT-051,,28.2,59,0.2,28
MT-053,,32.2,71,0.9,31.3
MT-055,,32.6,90,4.4,28.2
MT-057,,29.9,82,2.4,27.5
MT-059,,29.4,76,2.2,27.2
MT-061,,32.1,62,0.2,31.9
MT-063,,32.5,73,1.5,31
MT-065,,34.6,75,1.8,32.8
MT-067,,29.4,86,2.8,26.6
MT-069,,34.4,80,1.8,32.6
MT-071,,30.7,78,2,28.7
MT-073,,28.8,56,0.2,28.6
MT-075,,36.3,98,4.2,32.1
MT-077,,29.8,77,1.7,28.1
MT-079,,34,94,4.3,29.7
MT-081,,31.8,78,1.5,30.3
MT-083,,32.9,95,5.4,27.5
MT-085,,31.5,92,5.4,26.1
MT-087,,34.9,85,3.1,31.8
MT-089,,32.9,59,0,32.9
MT-091,,30.2,96,6.1,24.1
MT-093,,29.9,82,2.4,27.5
MT-095,,32.4,71,1.2,31.2
MT-097,,31.8,73,1.7,30.1
MT-099,,29.1,55,0.1,29
MT-101,,29.1,60,0.6,28.5
MT-103,,35.5,81,2.7,32.8
MT-105,,29.8,82,3.5,26.3
MT-107,,31.8,73,1.7,30.1
MT-109,,33,93,4.3,28.7
MT-111,,35.6,76,1.9,33.7
NE-001,,43.3,109,5.7,37.6
NE-003,,39.7,103,5.2,34.5
NE-005,,39.9,105,4.9,35
NE-007,,39.5,108,4.7,34.8
NE-009,,40.5,106,5.3,35.2
NE-011,,40.8,109,5.9,34.9
NE-013,,37.9,100,4,33.9
NE-015,,40.1,106,5.8,34.3
NE-017,,40.4,110,6.1,34.3
NE-019,,42.4,108,5.7,36.7
NE-021,,40.8,103,5,35.8
NE-023,,41.1,99,4.5,36.6
NE-025,,43.4,107,5.4,38
NE-027,,39.8,109,5.9,33.9
NE-029,,43.5,114,6,37.5
NE-031,,39.6,111,6,33.6
NE-033,,40,102,4.3,35.7
NE-035,,43.6,111,5.8,37.8
NE-037,,40.8,102,4.8,36
NE-039,,40,98,4.6,35.4
NE-041,,41.1,108,5.6,35.5
NE-043,,40,105,5.3,34.7
NE-045,,38.7,101,4.5,34.2
NE-047,,42.5,109,5.3,37.2
NE-049,,41.3,100,4.6,36.7
NE-051,,39.3,101,5,34.3
NE-053,,41.4,103,5,36.4
NE-055,,43.3,111,6,37.3
NE-057,,43.7,110,5.3,38.4
NE-059,,43.2,109,5.2,38
NE-061,,43.7,103,4.9,38.8
NE-063,,43.2,107,5.4,37.8
NE-065,,44.4,108,5.4,39
NE-067,,43.8,104,4.8,39
NE-069,,39.8,99,4.6,35.2
NE-071,,40.1,108,5.8,34.3
NE-073,,43.4,108,5.3,38.1
NE-075,,38.6,103,4.6,34
NE-077,,41,109,5.9,35.1
NE-079,,42.6,110,5.7,36.9
NE-081,,42.8,107,5.6,37.2
NE-083,,44.2,104,5.2,39
NE-085,,42.8,109,5.3,37.5
NE-087,,43.8,106,5.2,38.6
NE-089,,39.6,105,5.6,34
NE-091,,39.3,102,4.8,34.5
NE-093,,41.9,107,5.6,36.3
NE-095,,44.1,105,5.3,38.8
NE-097,,44,105,5,39
NE-099,,42.9,105,5.5,37.4
NE-101,,41.9,107,5.3,36.6
NE-103,,40.2,113,6.6,33.6
NE-105,,38.9,108,4.6,34.3
NE-107,,40.2,108,5.9,34.3
NE-109,,43.4,109,5.4,38
NE-111,,42.2,109,5.6,36.6
NE-113,,41,108,5.6,35.4
NE-115,,40.2,107,5.6,34.6
NE-117,,40.5,105,5.3,35.2
NE-119,,40.2,104,5.2,35
NE-121,,42.2,107,5.5,36.7
NE-123,,39.6,101,4.2,35.4
NE-125,,41.7,107,5.7,36
NE-127,,45.3,110,5.7,39.6
NE-129,,43.9,108,5.4,38.5
NE-131,,43.6,105,4.9,38.7
NE-133,,44.5,104,4.9,39.6
NE-135,,42.8,113,6,36.8
NE-137,,43,104,5.3,37.7
NE-139,,39.6,104,5.3,34.3
NE-141,,41,105,5.3,35.7
NE-143,,41.5,104,4.8,36.7
NE-145,,44.3,108,5.7,38.6
NE-147,,46.2,112,6.1,40.1
NE-149,,39.8,107,5.9,33.9
NE-151,,43.2,104,5,38.2
NE-153,,43.6,111,5.9,37.7
NE-155,,42.7,109,5.6,37.1
NE-157,,40.2,104,4.5,35.7
NE-159,,42.2,102,4.7,37.5
NE-161,,38.6,106,5.1,33.5
NE-163,,41.5,110,5.6,35.9
NE-165,,37.6,101,4.3,33.3
NE-167,,40.1,102,4.9,35.2
NE-169,,44,107,5.3,38.7
NE-171,,40.3,103,5.1,35.2
NE-173,,39.9,104,5,34.9
NE-175,,40.8,111,5.8,35
NE-177,,42.2,108,5.5,36.7
NE-179,,39.3,100,4.8,34.5
NE-181,,43.8,103,5.1,38.7
NE-183,,40.6,112,6.2,34.4
NE-185,,42.3,105,4.8,37.5
NV-001,,41.3,59,0,41.3
NV-003,,52.6,51,-0.3,52.9
NV-005,,37.1,41,-1.4,38.5
NV-007,,36.7,91,2.4,34.3
NV-009,,41.8,66,0.6,41.2
NV-011,,37.2,87,1.9,35.3
NV-013,,39.4,76,0.9,38.5
NV-015,,38,75,0.9,37.1
NV-017,,43.5,55,-0.1,43.6
NV-019,,40.1,44,-1,41.1
NV-021,,39.4,58,0.2,39.2
NV-023,,41.4,71,1,40.4
NV-027,,40.3,65,0,40.3
NV-029,,39,49,-0.7,39.7
NV-031,,38.2,60,-0.2,38.4
NV-033,,36.4,88,2.1,34.3
NV-510,,38.7,45,-1,39.7
NH-001,,35.3,113,4.7,30.6
NH-003,,33.9,114,5.1,28.8
NH-005,,36.8,116,6,30.8
NH-007,,29,110,5,24
NH-009,,32.7,112,5.6,27.1
NH-011,,38.5,119,6.2,32.3
NH-013,,36.2,115,5.3,30.9
NH-015,,38.9,116,5.5,33.4
NH-017,,36.7,113,4.6,32.1
NH-019,,35,115,5.9,29.1
NJ-001,,48.2,123,7.5,40.7
NJ-003,,45.1,119,6.8,38.3
NJ-005,,48,121,7.1,40.9
NJ-007,,48.3,120,7,41.3
NJ-009,,48.2,123,7.1,41.1
NJ-011,,48.6,123,7.3,41.3
NJ-013,,45.6,119,6.8,38.8
NJ-015,,48.5,121,7,41.5
NJ-017,,47,120,7.1,39.9
NJ-019,,44.4,118,7,37.4
NJ-021,,46.8,119,7,39.8
NJ-023,,46.8,121,7.2,39.6
NJ-025,,47,121,7.3,39.7
NJ-027,,43,118,6.4,36.6
NJ-029,,47.2,121,7.1,40.1
NJ-031,,43.1,118,6.5,36.6
NJ-033,,48.8,121,7.1,41.7
NJ-035,,45.5,119,7,38.5
NJ-037,,41.4,118,6.3,35.1
NJ-039,,46.3,119,7,39.3
NJ-041,,43,119,7.1,35.9
NM-001,,48,116,5.2,42.8
NM-003,,41.7,101,3.2,38.5
NM-005,,54.1,116,5.1,49
NM-006,,42.4,111,3.9,38.5
NM-007,,41.6,114,5,36.6
NM-009,,51.8,117,6.1,45.7
NM-011,,52.5,116,5.5,47
NM-013,,55.3,116,4,51.3
NM-015,,56.9,115,5,51.9
NM-017,,49.1,105,3.4,45.7
NM-019,,49.3,115,5,44.3
NM-021,,48.6,114,5.4,43.2
NM-023,,53,99,2.9,50.1
NM-025,,56.1,117,5.5,50.6
NM-027,,48.7,113,4.4,44.3
NM-028,,40.8,109,4.3,36.5
NM-029,,53.6,97,2.9,50.7
NM-031,,43,116,4.7,38.3
NM-033,,42,114,4.9,37.1
NM-035,,52.4,115,4.6,47.8
NM-037,,52.4,118,5.9,46.5
NM-039,,39.4,117,4.8,34.6
NM-041,,52.8,117,5.8,47
NM-043,,44.2,115,4.7,39.5
NM-045,,45.1,114,4.5,40.6
NM-047,,46.8,114,4.8,42
NM-049,,43.2,114,4.4,38.8
NM-051,,50.8,102,3,47.8
NM-053,,48.5,116,4.5,44
NM-055,,37.8,118,5.2,32.6
NM-057,,45.2,117,5.1,40.1
NM-059,,46.4,112,5.5,40.9
NM-061,,49.8,117,4.9,44.9
NY-001,,39.8,118,7,32.8
NY-003,,38.3,117,6.8,31.5
NY-005,,46.7,120,7.1,39.6
NY-007,,38.1,114,5.8,32.3
NY-009,,39.2,120,7.8,31.4
NY-011,,38.5,117,6.7,31.8
NY-013,,40.5,120,8.3,32.2
NY-015,,39.1,116,6.4,32.7
NY-017,,36.6,115,5.8,30.8
NY-019,,34,118,7.2,26.8
NY-021,,40.4,116,6.4,34
NY-023,,36.2,115,6,30.2
NY-025,,36.6,116,6.1,30.5
NY-027,,42,119,7,35
NY-029,,40.2,120,8.1,32.1
NY-031,,31.8,111,5.7,26.1
NY-033,,32.6,117,7.2,25.4
NY-035,,35.8,114,6.2,29.6
NY-037,,39.3,118,7.4,31.9
NY-039,,38.4,116,6.7,31.7
NY-041,,30.7,111,5.3,25.4
NY-043,,33.1,114,5.8,27.3
NY-045,,35.9,117,6.9,29
NY-047,,47.2,120,7.1,40.1
NY-049,,33.3,116,6.6,26.7
NY-051,,39.7,118,7.3,32.4
NY-053,,36,114,6,30
NY-055,,39.7,116,7.1,32.6
NY-057,,38.6,118,6.7,31.9
NY-059,,46.2,120,7.2,39
NY-061,,47.1,120,7.2,39.9
NY-063,,40.1,121,7.5,32.6
NY-065,,35.5,113,5.8,29.7
NY-067,,38.2,116,6.8,31.4
NY-069,,39,117,6.9,32.1
NY-071,,41.8,118,6.6,35.2
NY-073,,39.7,118,7.4,32.3
NY-075,,37.4,116,6.8,30.6
NY-077,,36.3,115,6,30.3
NY-079,,42.2,119,6.5,35.7
NY-081,,46.9,120,7.1,39.8
NY-083,,39,116,6.7,32.3
NY-085,,47.2,120,7.1,40.1
NY-087,,43.6,118,6.6,37
NY-089,,34.1,116,7.2,26.9
NY-091,,37.6,118,6.5,31.1
NY-093,,39.3,118,7.1,32.2
NY-095,,37.4,117,6.6,30.8
NY-097,,38.5,116,6.5,32
NY-099,,39.4,116,6.5,32.9
NY-101,,38.2,116,6.4,31.8
NY-103,,44.3,121,6.8,37.5
NY-105,,38.8,116,6.5,32.3
NY-107,,38.4,115,5.9,32.5
NY-109,,38,116,6.1,31.9
NY-111,,40.3,119,7.3,33
NY-113,,33.8,112,5.5,28.3
NY-115,,36.8,115,5.9,30.9
NY-117,,38.2,114,5.9,32.3
NY-119,,44,119,6.6,37.4
NY-121,,38.6,120,7.8,30.8
NY-123,,39.1,116,6.9,32.2
NC-001,,55.6,122,6.8,48.8
NC-003,,54.3,122,6.3,48
NC-005,,48.9,122,7.4,41.5
NC-007,,58.4,121,6.8,51.6
NC-009,,47.4,122,7,40.4
NC-011,,47.5,123,7.8,39.7
NC-013,,58,122,6.4,51.6
NC-015,,56.5,121,6.5,50
NC-017,,58.8,119,5.7,53.1
NC-019,,59.9,122,6.3,53.6
NC-021,,51.5,122,7.3,44.2
NC-023,,54.4,122,6.7,47.7
NC-025,,57.2,122,7.1,50.1
NC-027,,54.1,122,6.9,47.2
NC-029,,56.4,123,7.3,49.1
NC-031,,58.3,120,5.6,52.7
NC-033,,54.7,121,6.6,48.1
NC-035,,55.6,123,6.8,48.8
NC-037,,57,122,6.9,50.1
NC-039,,53.2,121,6.5,46.7
NC-041,,56.8,122,6.7,50.1
NC-043,,52.2,122,6.9,45.3
NC-045,,55.7,119,6.3,49.4
NC-047,,59.3,120,5.7,53.6
NC-049,,58.3,122,6.3,52
NC-051,,58.4,121,6,52.4
NC-053,,56.4,123,7.4,49
NC-055,,57.4,122,6.7,50.7
NC-057,,55.9,122,7.2,48.7
NC-059,,55.6,123,7.6,48
NC-061,,57.5,116,5.4,52.1
NC-063,,55.6,122,6.7,48.9
NC-065,,56.9,122,6.8,50.1
NC-067,,55.2,122,7.6,47.6
NC-069,,55.8,123,7,48.8
NC-071,,57.2,122,7.4,49.8
NC-073,,56.3,123,7,49.3
NC-075,,51.3,121,6.7,44.6
NC-077,,54.8,122,6.9,47.9
NC-079,,57.4,120,6.1,51.3
NC-081,,55.1,122,6.9,48.2
NC-083,,55.8,122,6.9,48.9
NC-085,,57.7,121,6.2,51.5
NC-087,,48.5,122,7,41.5
NC-089,,52.4,122,6.5,45.9
NC-091,,56.1,123,6.7,49.4
NC-093,,58.3,121,6.3,52
NC-095,,58.2,121,6.3,51.9
NC-097,,55.6,123,7.3,48.3
NC-099,,49.9,122,6.8,43.1
NC-101,,57,118,5.8,51.2
NC-103,,58,122,6.1,51.9
NC-105,,57.8,122,7,50.8
NC-107,,57.2,119,5.5,51.7
NC-109,,56.4,123,7.3,49.1
NC-111,,54.3,123,7.5,46.8
NC-113,,50.9,122,6.7,44.2
NC-115,,51.8,121,7.2,44.6
NC-117,,57.1,121,6.6,50.5
NC-119,,57.6,122,7.4,50.2
NC-121,,48.9,123,7.5,41.4
NC-123,,58,122,7.4,50.6
NC-125,,58.2,122,7.3,50.9
NC-127,,56.4,122,7,49.4
NC-129,,60,122,6.6,53.4
NC-131,,55.6,122,6.8,48.8
NC-133,,58.8,122,6.3,52.5
NC-135,,55.2,122,6.5,48.7
NC-137,,58.4,122,6,52.4
NC-139,,56.6,123,7.2,49.4
NC-141,,59.1,122,6.2,52.9
NC-143,,56.7,122,6.9,49.8
NC-145,,53.8,120,6.3,47.5
NC-147,,57.7,122,6.5,51.2
NC-149,,55.4,119,6,49.4
NC-151,,56.3,122,6.8,49.5
NC-153,,58.7,121,7,51.7
NC-155,,58.6,116,5.3,53.3
NC-157,,54.7,122,6.8,47.9
NC-159,,56.4,123,7.4,49
NC-161,,55.5,119,6.2,49.3
NC-163,,57.6,117,5.4,52.2
NC-165,,58.6,121,6.4,52.2
NC-167,,57.9,122,7.2,50.7
NC-169,,54.5,122,7.5,47
NC-171,,53.3,122,7.1,46.2
NC-173,,49.6,122,6.9,42.7
NC-175,,51.6,122,6.8,44.8
NC-177,,57.5,122,6.6,50.9
NC-179,,57.9,122,6.9,51
NC-181,,55.3,123,7.3,48
NC-183,,56.5,122,6.5,50
NC-185,,55.4,123,7.3,48.1
NC-187,,57.3,121,6.7,50.6
NC-189,,48,122,7.5,40.5
NC-191,,57.2,118,5.7,51.5
NC-193,,53.6,122,7,46.6
NC-195,,57.2,121,6.5,50.7
NC-197,,54.7,123,7.5,47.2
NC-199,,49,123,7.8,41.2
ND-001,,33.8,107,6.4,27.4
ND-003,,28.4,92,3.4,25
ND-005,,27.6,97,5.3,22.3
ND-007,,32.8,99,5.2,27.6
ND-009,,28.4,100,6.2,22.2
ND-011,,33.9,104,5.6,28.3
ND-013,,28.2,97,5.9,22.3
ND-015,,32,106,6.7,25.3
ND-017,,27.9,87,2.3,25.6
ND-019,,24.7,95,4.7,20
ND-021,,29.9,91,3.1,26.8
ND-023,,29.7,99,6.9,22.8
ND-025,,32.1,102,5.5,26.6
ND-027,,27.1,93,3.9,23.2
ND-029,,32.3,100,5.4,26.9
ND-031,,27.4,92,3.6,23.8
ND-033,,32.7,93,4.5,28.2
ND-035,,24.4,74,1,23.4
ND-037,,33.6,104,6.5,27.1
ND-039,,26.3,91,2.9,23.4
ND-041,,33.3,105,6.2,27.1
ND-043,,30,101,5.5,24.5
ND-045,,29.8,92,3.6,26.2
ND-047,,30.1,99,5,25.1
ND-049,,29.8,99,6,23.8
ND-051,,30.2,93,4.3,25.9
ND-053,,32.4,97,5.7,26.7
ND-055,,31.3,102,6.2,25.1
ND-057,,32.4,104,6.1,26.3
ND-059,,33.2,104,6.7,26.5
ND-061,,29.8,97,5.7,24.1
ND-063,,24.6,89,2.4,22.2
ND-065,,32.5,104,6.3,26.2
ND-067,,24.9,92,3.7,21.2
ND-069,,28.5,100,6.4,22.1
ND-071,,25.6,92,3.8,21.8
ND-073,,29.5,91,3,26.5
ND-075,,29.1,100,5.9,23.2
ND-077,,30.7,92,3.9,26.8
ND-079,,27,103,6.6,20.4
ND-081,,29.9,90,2.9,27
ND-083,,31,105,7,24
ND-085,,33.5,103,5.8,27.7
ND-087,,33.6,102,5.4,28.2
ND-089,,32.7,102,5.6,27.1
ND-091,,24.9,77,1,23.9
ND-093,,28.9,94,4,24.9
ND-095,,26.7,103,6.2,20.5
ND-097,,25.4,71,0.7,24.7
ND-099,,24.4,86,2.4,22
ND-101,,29.9,99,5.7,24.2
ND-103,,28.9,97,5.5,23.4
ND-105,,31,97,6.4,24.6
OH-001,,48.6,115,6.5,42.1
OH-003,,42.9,110,5.4,37.5
OH-005,,42.7,115,6.4,36.3
OH-007,,41.8,117,7.6,34.2
OH-009,,47.6,117,6.5,41.1
OH-011,,42.9,108,5.2,37.7
OH-013,,45.4,117,6.3,39.1
OH-015,,48,114,6.5,41.5
OH-017,,46.5,112,5.8,40.7
OH-019,,44,118,6.7,37.3
OH-021,,44.1,111,5.8,38.3
OH-023,,45.3,113,6.2,39.1
OH-025,,48.1,114,6.5,41.6
OH-027,,46.5,115,6.5,40
OH-029,,43.4,117,6.7,36.7
OH-031,,44.4,114,6.1,38.3
OH-033,,42.5,113,6,36.5
OH-035,,43.4,118,7.4,36
OH-037,,44.5,113,6.2,38.3
OH-039,,41.6,109,5.1,36.5
OH-041,,44.6,112,5.8,38.8
OH-043,,42.4,113,5.7,36.7
OH-045,,46.2,114,6.2,40
OH-047,,46.1,115,6.4,39.7
OH-049,,45.9,113,5.9,40
OH-051,,41,111,5.3,35.7
OH-053,,48.5,113,5.6,42.9
OH-055,,41.7,117,7.4,34.3
OH-057,,46.2,114,6.4,39.8
OH-059,,44.6,112,5.4,39.2
OH-061,,48,114,6.3,41.7
OH-063,,43.4,114,6.2,37.2
OH-065,,44,116,6.7,37.3
OH-067,,44.6,117,6.4,38.2
OH-069,,42,110,5.3,36.7
OH-071,,47.3,115,6.8,40.5
OH-073,,46.8,117,6.5,40.3
OH-075,,43.3,113,6.1,37.2
OH-077,,42,112,5.6,36.4
OH-079,,48.1,116,6.4,41.7
OH-081,,44.8,117,6.2,38.6
OH-083,,43,112,5.5,37.5
OH-085,,42.5,117,7.5,35
OH-087,,49.3,115,6,43.3
OH-089,,44.7,114,5.9,38.8
OH-091,,43,110,5.5,37.5
OH-093,,43,114,6.4,36.6
OH-095,,42.5,115,5.9,36.6
OH-097,,45.3,114,6.1,39.2
OH-099,,42.7,117,6.9,35.8
OH-101,,43.9,112,6.2,37.7
OH-103,,43.4,117,7,36.4
OH-105,,47.8,113,5.6,42.2
OH-107,,42.8,108,5.2,37.6
OH-109,,45.3,113,6.3,39
OH-111,,46.1,116,6.1,40
OH-113,,46.1,114,6.3,39.8
OH-115,,46.8,115,6.4,40.4
OH-117,,42.6,110,5.5,37.1
OH-119,,45.9,115,6.5,39.4
OH-121,,45.9,115,6,39.9
OH-123,,42.5,113,5.7,36.8
OH-125,,42.1,109,5.1,37
OH-127,,46.1,116,6.4,39.7
OH-129,,46.7,115,6,40.7
OH-131,,48.3,116,6.7,41.6
OH-133,,43,118,7.7,35.3
OH-135,,44.8,112,5.8,39
OH-137,,42.6,110,5.3,37.3
OH-139,,42.3,115,6.3,36
OH-141,,47.6,115,6.6,41
OH-143,,42.4,111,5.4,37
OH-145,,48.7,116,6.4,42.3
OH-147,,42.4,110,5.6,36.8
OH-149,,43.5,110,5.5,38
OH-151,,44.2,118,7.7,36.5
OH-153,,44.3,119,8.1,36.2
OH-155,,42.3,117,7.3,35
OH-157,,44.5,116,6.4,38.1
OH-159,,44.2,112,5.8,38.4
OH-161,,42.2,107,4.8,37.4
OH-163,,47.5,117,6.5,41
OH-165,,47,114,6.2,40.8
OH-167,,47.9,117,6.6,41.3
OH-169,,43.3,117,6.6,36.7
OH-171,,40.8,112,5.3,35.5
OH-173,,42.8,114,5.8,37
OH-175,,44.2,116,6.9,37.3
OK-001,,55.1,117,6.2,48.9
OK-003,,51.6,107,4.8,46.8
OK-005,,59.3,120,6.8,52.5
OK-007,,51.5,116,6.1,45.4
OK-009,,55.3,118,6.4,48.9
OK-011,,53.8,113,5.7,48.1
OK-013,,60.5,122,7.3,53.2
OK-015,,55.5,115,5.9,49.6
OK-017,,55.2,119,6.4,48.8
OK-019,,58.9,115,6.1,52.8
OK-021,,55.7,117,6.2,49.5
OK-023,,59.7,120,6.8,52.9
OK-025,,49,111,5.6,43.4
OK-027,,56.5,117,6.2,50.3
OK-029,,58.8,120,6.5,52.3
OK-031,,56.7,112,5.4,51.3
OK-033,,58,110,5.4,52.6
OK-035,,54,118,6,48
OK-037,,56,119,6.4,49.6
OK-039,,54.1,116,6,48.1
OK-041,,54.4,116,6,48.4
OK-043,,53.1,114,5.9,47.2
OK-045,,52.6,116,6.4,46.2
OK-047,,53.4,113,5.7,47.7
OK-049,,57.7,114,6,51.7
OK-051,,56.6,119,6.4,50.2
OK-053,,52.3,113,5.5,46.8
OK-055,,56,116,5.9,50.1
OK-057,,56.2,113,5.7,50.5
OK-059,,51.7,112,5.6,46.1
OK-061,,57.9,119,6.5,51.4
OK-063,,57.6,115,6.4,51.2
OK-065,,56.9,115,5.8,51.1
OK-067,,59,116,5.8,53.2
OK-069,,59.4,120,6.8,52.6
OK-071,,53.2,115,5.9,47.3
OK-073,,54.5,111,5.6,48.9
OK-075,,56,115,5.8,50.2
OK-077,,58,116,6.5,51.5
OK-079,,57.5,118,6.6,50.9
OK-081,,55.8,112,5.8,50
OK-083,,54.9,114,5.8,49.1
OK-085,,59.9,118,6.4,53.5
OK-087,,56.9,116,6.3,50.6
OK-089,,59.5,121,7.6,51.9
OK-091,,57.8,116,6.5,51.3
OK-093,,52.7,108,5.2,47.5
OK-095,,60.3,122,7,53.3
OK-097,,54.9,116,5.7,49.2
OK-099,,58.2,115,6,52.2
OK-101,,57.4,118,6.6,50.8
OK-103,,54.4,115,6.1,48.3
OK-105,,54.2,118,6.3,47.9
OK-107,,56.9,116,6.2,50.7
OK-109,,55.8,116,6.1,49.7
OK-111,,57.2,118,6.5,50.7
OK-113,,54.3,118,6.3,48
OK-115,,54.4,120,6.7,47.7
OK-117,,55.2,119,6.5,48.7
OK-119,,55.2,114,6.1,49.1
OK-121,,58,113,6.2,51.8
OK-123,,57.9,117,6.3,51.6
OK-125,,56.7,116,6,50.7
OK-127,,58.9,119,7.1,51.8
OK-129,,54.2,118,6.6,47.6
OK-131,,55.2,120,6.3,48.9
OK-133,,57,117,6.1,50.9
OK-135,,57.2,119,6.5,50.7
OK-137,,57.7,113,5.7,52
OK-139,,51.1,115,6.4,44.7
OK-141,,57.4,112,5.4,52
OK-143,,56.2,119,6.8,49.4
OK-145,,56.4,117,6.3,50.1
OK-147,,54.5,118,6.6,47.9
OK-149,,54.8,113,5.7,49.1
OK-151,,51.3,107,5.1,46.2
OK-153,,52.2,113,5.9,46.3
OR-001,,38,98,2.6,35.4
OR-003,,43.7,38,-1.4,45.1
OR-005,,39.7,56,-0.8,40.5
OR-007,,41.5,38,-1.4,42.9
OR-009,,42.3,48,-1,43.3
OR-011,,44.6,54,-0.7,45.3
OR-013,,36.6,67,0.1,36.5
OR-015,,44.2,64,-0.3,44.5
OR-017,,34.6,59,-0.5,35.1
OR-019,,42.2,66,-0.3,42.5
OR-021,,41.5,63,0,41.5
OR-023,,35.9,84,1.2,34.7
OR-025,,37.2,82,1.5,35.7
OR-027,,37,71,0,37
OR-029,,40.6,63,-0.4,41
OR-031,,38.2,57,-0.5,38.7
OR-033,,41.4,65,-0.3,41.7
OR-035,,35.5,74,0.8,34.7
OR-037,,35.5,71,0.7,34.8
OR-039,,41.2,50,-0.9,42.1
OR-041,,43.6,33,-1.5,45.1
OR-043,,40.4,45,-1,41.4
OR-045,,39.7,91,1.8,37.9
OR-047,,41.2,47,-1,42.2
OR-049,,41.1,68,0.2,40.9
OR-051,,43.2,56,-0.7,43.9
OR-053,,43.6,58,-0.8,44.4
OR-055,,41.2,67,-0.2,41.4
OR-057,,41.3,51,-1,42.3
OR-059,,40.2,72,0.5,39.7
OR-061,,36.6,92,1.7,34.9
OR-063,,35.5,88,1.7,33.8
OR-065,,39.5,61,-0.3,39.8
OR-067,,42.6,54,-0.9,43.5
OR-069,,38.1,62,0,38.1
OR-071,,43.2,43,-1.2,44.4
PA-001,,46,119,6.4,39.6
PA-003,,45.9,118,7.1,38.8
PA-005,,43.8,119,7.3,36.5
PA-007,,44.6,117,6.5,38.1
PA-009,,44.8,120,6.9,37.9
PA-011,,45.1,119,6.6,38.5
PA-013,,42.8,118,6.5,36.3
PA-015,,39.1,115,6.1,33
PA-017,,45.8,119,7.1,38.7
PA-019,,43.1,117,6.6,36.5
PA-021,,41.1,117,6.3,34.8
PA-023,,40.5,116,6.4,34.1
PA-025,,40.4,117,6.3,34.1
PA-027,,41.3,114,5.4,35.9
PA-029,,46.2,119,6.6,39.6
PA-031,,42.5,119,7.9,34.6
PA-033,,41.2,118,6.7,34.5
PA-035,,40.6,113,5.2,35.4
PA-037,,41,115,5.6,35.4
PA-039,,41,118,7.6,33.4
PA-041,,45.8,117,6.4,39.4
PA-043,,45,118,6.7,38.3
PA-045,,47.7,120,6.7,41
PA-047,,40.8,120,7.8,33
PA-049,,41,119,7.8,33.2
PA-051,,45.6,119,7.2,38.4
PA-053,,41.4,121,8.2,33.2
PA-055,,45.8,118,6.4,39.4
PA-057,,45.9,122,6.9,39
PA-059,,46.5,118,7,39.5
PA-061,,44.2,117,6.4,37.8
PA-063,,42.9,118,6.7,36.2
PA-065,,41.8,119,7.8,34
PA-067,,44.1,114,5.5,38.6
PA-069,,39.8,118,7,32.8
PA-071,,46.3,119,6.9,39.4
PA-073,,43.1,116,6.5,36.6
PA-075,,45.1,119,6.9,38.2
PA-077,,44.4,119,6.9,37.5
PA-079,,40.3,117,6.6,33.7
PA-081,,40.5,115,5.8,34.7
PA-083,,39.5,119,7.6,31.9
PA-085,,42,118,7.3,34.7
PA-087,,43.3,114,5.4,37.9
PA-089,,40.1,117,6.7,33.4
PA-091,,46.4,120,6.8,39.6
PA-093,,42,114,5.3,36.7
PA-095,,43.7,119,7.1,36.6
PA-097,,42.4,115,5.5,36.9
PA-099,,44.8,117,6.1,38.7
PA-101,,48.2,121,7.2,41
PA-103,,39.5,117,6.4,33.1
PA-105,,38.6,116,6.2,32.4
PA-107,,41.7,115,6,35.7
PA-109,,43,114,5.3,37.7
PA-111,,42.5,118,7.2,35.3
PA-113,,37.8,115,6,31.8
PA-115,,38.6,115,6.2,32.4
PA-117,,38.7,115,6.3,32.4
PA-119,,42,114,5.2,36.8
PA-121,,42,119,7.9,34.1
PA-123,,40.4,120,8,32.4
PA-125,,45.9,118,7,38.9
PA-127,,38.6,116,6.3,32.3
PA-129,,45,118,6.9,38.1
PA-131,,40.1,117,6.8,33.3
PA-133,,46.5,121,7.1,39.4
RI-001,,43.4,120,6.2,37.2
RI-003,,42.6,121,6.6,36
RI-005,,43.3,121,6.3,37
RI-007,,42,118,6.2,35.8
RI-009,,43.2,123,6.9,36.3
SC-001,,59,120,6.8,52.2
SC-003,,62.7,122,8,54.7
SC-005,,63.7,123,7.7,56
SC-007,,57.7,119,6.2,51.5
SC-009,,63.8,123,8.2,55.6
SC-011,,63.8,124,8.4,55.4
SC-013,,65.1,122,7.6,57.5
SC-015,,62.6,122,6.8,55.8
SC-017,,62.2,123,7.1,55.1
SC-019,,63.3,121,6.9,56.4
SC-021,,56.8,120,6.5,50.3
SC-023,,58,119,6.4,51.6
SC-025,,58.7,121,6.7,52
SC-027,,61.2,119,6,55.2
SC-029,,63.6,122,7.4,56.2
SC-031,,60,120,6.6,53.4
SC-033,,59,116,5.3,53.7
SC-035,,63.4,123,7.4,56
SC-037,,61.4,121,7.4,54
SC-039,,58.8,119,6.1,52.7
SC-041,,60.3,117,5.8,54.5
SC-043,,60.2,113,4.8,55.4
SC-045,,56.7,120,6.4,50.3
SC-047,,59.5,121,6.8,52.7
SC-049,,63.4,121,7,56.4
SC-051,,59,113,4.5,54.5
SC-053,,64.7,122,7.5,57.2
SC-055,,59,118,6.3,52.7
SC-057,,58.1,122,6.8,51.3
SC-059,,58.4,118,6.4,52
SC-061,,59.8,117,6.2,53.6
SC-063,,61.6,123,7.8,53.8
SC-065,,60.4,120,7.1,53.3
SC-067,,59.1,112,4.5,54.6
SC-069,,59.2,119,6.2,53
SC-071,,59.5,122,6.8,52.7
SC-073,,56.2,118,5.6,50.6
SC-075,,63,123,7.6,55.4
SC-077,,56.8,121,6.5,50.3
SC-079,,60.8,119,6.6,54.2
SC-081,,60.2,120,6.9,53.3
SC-083,,57.4,120,6.6,50.8
SC-085,,60.2,116,5.6,54.6
SC-087,,57.9,118,6.3,51.6
SC-089,,60.9,117,5.7,55.2
SC-091,,57.5,122,6.7,50.8
SD-003,,37.8,106,5.9,31.9
SD-005,,35.9,103,5.3,30.6
SD-007,,39,110,6,33
SD-009,,39.8,107,6,33.8
SD-011,,33.9,105,5.1,28.8
SD-013,,31.8,91,3.9,27.9
SD-015,,39.4,113,7.1,32.3
SD-017,,37.8,108,6.5,31.3
SD-019,,36.3,101,5.2,31.1
SD-021,,33,98,4.7,28.3
SD-023,,40.1,108,6.3,33.8
SD-025,,32.9,99,4.7,28.2
SD-027,,39.2,105,5.5,33.7
SD-029,,31.8,99,4.7,27.1
SD-031,,34.5,102,5.6,28.9
SD-033,,36.7,103,4.6,32.1
SD-035,,37,95,4.5,32.5
SD-037,,30.8,94,3.9,26.9
SD-039,,32.8,104,5.3,27.5
SD-041,,35.9,105,5.9,30
SD-043,,38.7,106,5.8,32.9
SD-045,,32.6,95,4.3,28.3
SD-047,,38.6,99,4.4,34.2
SD-049,,33.8,100,4.8,29
SD-051,,33,102,5.3,27.7
SD-053,,40.2,111,6.8,33.4
SD-055,,38.3,107,6.1,32.2
SD-057,,33,101,5.1,27.9
SD-059,,35.9,104,5.9,30
SD-061,,36.7,95,4.4,32.3
SD-063,,35.4,105,6.3,29.1
SD-065,,37.5,105,6.1,31.4
SD-067,,38.6,106,5.8,32.8
SD-069,,35.8,105,6.1,29.7
SD-071,,39.1,104,5.7,33.4
SD-073,,36.2,102,5.2,31
SD-075,,38.5,103,5.6,32.9
SD-077,,34.4,102,5.1,29.3
SD-079,,35.2,103,5.1,30.1
SD-081,,33.3,97,3.8,29.5
SD-083,,37.4,99,5.1,32.3
SD-085,,39.3,109,6.7,32.6
SD-087,,37.2,106,5.7,31.5
SD-089,,31,91,3.8,27.2
SD-091,,30,92,3.2,26.8
SD-093,,37.1,102,5.3,31.8
SD-095,,39.6,106,6,33.6
SD-097,,35.6,98,4.7,30.9
SD-099,,36.5,104,5.5,31
SD-101,,35.1,106,5.3,29.8
SD-102,,39.5,107,5.6,33.9
SD-103,,37.2,105,5.3,31.9
SD-105,,35.4,108,6.4,29
SD-107,,34.2,100,5.3,28.9
SD-109,,32,98,4.6,27.4
SD-111,,36,90,4.2,31.8
SD-115,,34.6,101,5,29.6
SD-117,,37.7,103,5.8,31.9
SD-119,,36.1,104,5.8,30.3
SD-121,,39.4,109,6.2,33.2
SD-123,,40.2,112,6.9,33.3
SD-125,,38.4,107,6,32.4
SD-127,,38.9,100,5.2,33.7
SD-129,,33.7,100,5.1,28.6
SD-135,,39.7,111,6.4,33.3
SD-137,,37,108,6.6,30.4
TN-001,,53.7,115,6.3,47.4
TN-003,,56.4,119,7.1,49.3
TN-005,,54.9,113,5.7,49.2
TN-007,,54.2,121,6.9,47.3
TN-009,,54.9,119,6.5,48.4
TN-011,,56.7,120,6.9,49.8
TN-013,,51.9,113,5.9,46
TN-015,,54.6,114,6.2,48.4
TN-017,,54.6,113,5.5,49.1
TN-019,,50.5,120,7,43.5
TN-021,,55.3,116,6.6,48.7
TN-023,,56.3,114,6.4,49.9
TN-025,,51.1,111,4.9,46.2
TN-027,,53.8,113,6.2,47.6
TN-029,,54.4,121,6.9,47.5
TN-031,,55,114,6.5,48.5
TN-033,,55.4,115,5.9,49.5
TN-035,,52.3,117,6.7,45.6
TN-037,,55.2,115,6.3,48.9
TN-039,,55.9,114,6,49.9
TN-041,,54.3,114,6,48.3
TN-043,,55.1,116,6.8,48.3
TN-045,,54.9,114,5.7,49.2
TN-047,,57.2,117,6.4,50.8
TN-049,,52.3,119,7,45.3
TN-051,,55.8,116,6.6,49.2
TN-053,,54.7,112,5.6,49.1
TN-055,,55.8,115,6.4,49.4
TN-057,,52.8,113,5.5,47.3
TN-059,,53.9,120,6.5,47.4
TN-061,,53.7,116,6.6,47.1
TN-063,,53.7,116,5.8,47.9
TN-065,,56.4,120,6.7,49.7
TN-067,,51.7,111,5.3,46.4
TN-069,,57.1,117,6.8,50.3
TN-071,,56.7,113,6.3,50.4
TN-073,,53.1,116,6,47.1
TN-075,,56.1,116,6.1,50
TN-077,,55.5,114,5.9,49.6
TN-079,,53.9,112,5.2,48.7
TN-081,,55.5,115,6.7,48.8
TN-083,,54.7,114,6.2,48.5
TN-085,,55,114,6.2,48.8
TN-087,,54,114,5.9,48.1
TN-089,,54.7,118,6.4,48.3
TN-091,,48.8,122,6.9,41.9
TN-093,,54.7,115,6.1,48.6
TN-095,,54.4,113,5.6,48.8
TN-097,,55.6,115,5.6,50
TN-099,,55.3,115,6.2,49.1
TN-101,,55.1,114,6.3,48.8
TN-103,,56.7,116,6.9,49.8
TN-105,,55.3,115,6.2,49.1
TN-107,,56.1,120,6.8,49.3
TN-109,,57,115,6.6,50.4
TN-111,,52.8,111,5.2,47.6
TN-113,,55.9,115,6.2,49.7
TN-115,,55.2,116,6.3,48.9
TN-117,,56.6,121,7.5,49.1
TN-119,,55.8,117,7,48.8
TN-121,,56,120,6.8,49.2
TN-123,,54.8,120,6.5,48.3
TN-125,,54.9,115,6.6,48.3
TN-127,,56.3,116,6.9,49.4
TN-129,,53,117,6.9,46.1
TN-131,,54.1,113,5.6,48.5
TN-133,,53.5,115,6.7,46.8
TN-135,,55.5,114,6.1,49.4
TN-137,,53.4,119,6.9,46.5
TN-139,,55.6,122,6.7,48.9
TN-141,,53.6,115,6.4,47.2
TN-143,,55,119,6.8,48.2
TN-145,,55.1,116,6.6,48.5
TN-147,,54,115,6.1,47.9
TN-149,,55.2,114,6.1,49.1
TN-151,,51.9,116,6.5,45.4
TN-153,,54.2,119,6.7,47.5
TN-155,,53.4,121,6.8,46.6
TN-157,,57.4,117,5.9,51.5
TN-159,,53.8,112,5.2,48.6
TN-161,,54.3,113,5.8,48.5
TN-163,,52.8,120,6.7,46.1
TN-165,,53.7,113,5.6,48.1
TN-167,,56.2,115,5.5,50.7
TN-169,,53.7,110,5.2,48.5
TN-171,,50.6,120,6.8,43.8
TN-173,,52.8,113,5.6,47.2
TN-175,,54,117,6.9,47.1
TN-177,,54.8,116,6.6,48.2
TN-179,,53.5,120,6.7,46.8
TN-181,,55.7,114,6.2,49.5
TN-183,,54,113,5.3,48.7
TN-185,,54,116,6.6,47.4
TN-187,,55.4,115,6.7,48.7
TN-189,,54.1,112,5.3,48.8
TX-001,,64.1,121,7.1,57
TX-003,,58.6,115,5.3,53.3
TX-005,,66.5,125,8.1,58.4
TX-007,,72.2,126,9,63.2
TX-009,,59.4,115,5.9,53.5
TX-011,,53.6,116,5.9,47.7
TX-013,,69.9,125,6.8,63.1
TX-015,,70,125,9.5,60.5
TX-017,,53.1,116,5.6,47.5
TX-019,,66.3,125,7.3,59
TX-021,,68,125,8.3,59.7
TX-023,,58.9,110,5.6,53.3
TX-025,,72.4,126,8.7,63.7
TX-027,,65.3,125,7.9,57.4
TX-029,,68.3,125,6.9,61.4
TX-031,,66,125,7.8,58.2
TX-033,,58.6,109,4.7,53.9
TX-035,,63.7,124,7.2,56.5
TX-037,,60.9,118,6.6,54.3
TX-039,,71.2,126,9.6,61.6
TX-041,,68,125,9,59
TX-043,,63.5,122,6,57.5
TX-045,,54.7,112,5.4,49.3
TX-047,,75.5,126,8.9,66.6
TX-049,,63.3,125,7.7,55.6
TX-051,,67.9,125,8.8,59.1
TX-053,,64.9,125,7,57.9
TX-055,,69,125,8.8,60.2
TX-057,,71.7,126,9.2,62.5
TX-059,,61.2,120,6.5,54.7
TX-061,,76.4,126,8.1,68.3
TX-063,,61.8,118,6.7,55.1
TX-065,,52.7,117,6.5,46.2
TX-067,,61.4,117,5.9,55.5
TX-069,,51.8,108,5,46.8
TX-071,,69.9,126,9.1,60.8
TX-073,,64.4,122,7.1,57.3
TX-075,,56.5,110,5.5,51
TX-077,,59.6,117,6.2,53.4
TX-079,,54,114,5.3,48.7
TX-081,,62.1,121,6.8,55.3
TX-083,,63.2,125,7.6,55.6
TX-085,,61.8,123,7.3,54.5
TX-087,,54.6,110,5.2,49.4
TX-089,,70.5,126,9.6,60.9
TX-091,,67.2,125,7.4,59.8
TX-093,,62.9,125,7.5,55.4
TX-095,,63.3,123,7.4,55.9
TX-097,,60.6,119,6.6,54
TX-099,,63.6,124,6.8,56.8
TX-101,,57.4,112,5.4,52
TX-103,,63,121,6.6,56.4
TX-105,,62.6,118,5.8,56.8
TX-107,,55.8,110,5.3,50.5
TX-109,,57.6,113,4.8,52.8
TX-111,,49.7,114,6,43.7
TX-113,,63.2,120,7.1,56.1
TX-115,,57.4,108,4.4,53
TX-117,,51.4,115,5.7,45.7
TX-119,,61,118,6.9,54.1
TX-121,,62,120,6.9,55.1
TX-123,,71.7,126,9.7,62
TX-125,,57.1,109,5.1,52
TX-127,,72.9,125,8.8,64.1
TX-129,,53.8,112,5.4,48.4
TX-131,,73.3,125,8.2,65.1
TX-133,,61.4,122,6.8,54.6
TX-135,,60.4,116,5.8,54.6
TX-137,,64.3,122,6.5,57.8
TX-139,,63.8,121,7.1,56.7
TX-141,,58.8,119,4.9,53.9
TX-143,,62.8,125,7.6,55.2
TX-145,,64.8,125,7.5,57.3
TX-147,,60.8,121,7.2,53.6
TX-149,,69.4,125,9,60.4
TX-151,,59.9,114,5.9,54
TX-153,,54.5,114,5.4,49.1
TX-155,,58.2,113,5.8,52.4
TX-157,,71,126,9.6,61.4
TX-159,,61.5,119,6.9,54.6
TX-161,,64.6,123,7.6,57
TX-163,,70.2,125,7.3,62.9
TX-165,,56.8,113,4.7,52.1
TX-167,,70.7,126,9.4,61.3
TX-169,,57.9,110,5.1,52.8
TX-171,,64.4,125,7.2,57.2
TX-173,,60.9,119,6.1,54.8
TX-175,,72.3,126,9.4,62.9
TX-177,,70.6,126,9.3,61.3
TX-179,,52.9,117,6.3,46.6
TX-181,,61.1,122,7.2,53.9
TX-183,,63.1,121,6.4,56.7
TX-185,,68.3,125,9.2,59.1
TX-187,,68.9,125,8,60.9
TX-189,,53.9,114,5.4,48.5
TX-191,,55.8,109,5.2,50.6
TX-193,,63,125,7.1,55.9
TX-195,,51.8,114,6.2,45.6
TX-197,,57.5,114,5.9,51.6
TX-199,,68.8,126,9,59.8
TX-201,,70.4,126,9.3,61.1
TX-203,,63.1,119,6.2,56.9
TX-205,,51.2,117,6.3,44.9
TX-207,,59.1,107,5,54.1
TX-209,,66.8,125,7.7,59.1
TX-211,,53.2,117,6.4,46.8
TX-213,,63.5,121,7.1,56.4
TX-215,,76.2,125,7.5,68.7
TX-217,,64,121,7.1,56.9
TX-219,,55,115,5.5,49.5
TX-221,,63,123,7.1,55.9
TX-223,,61.7,120,7.3,54.4
TX-225,,65.6,124,7.6,58
TX-227,,59.4,107,4.6,54.8
TX-229,,56.9,116,4.7,52.2
TX-231,,62,124,7.8,54.2
TX-233,,53.3,114,6.5,46.8
TX-235,,62.6,123,6.9,55.7
TX-237,,60.3,119,6.4,53.9
TX-239,,71.4,126,9.6,61.8
TX-241,,67.5,125,8.6,58.9
TX-243,,57.8,118,5.3,52.5
TX-245,,69.5,126,8.9,60.6
TX-247,,74.8,125,8.2,66.6
TX-249,,74.2,126,8.9,65.3
TX-251,,63.6,122,7.4,56.2
TX-253,,59.6,105,5,54.6
TX-255,,71.2,126,8.6,62.6
TX-257,,63.4,122,7.5,55.9
TX-259,,65.8,125,7.2,58.6
TX-261,,75.5,126,9,66.5
TX-263,,58.8,113,5.4,53.4
TX-265,,64.1,125,6.9,57.2
TX-267,,63.6,124,7.2,56.4
TX-269,,58.5,111,5.6,52.9
TX-271,,68.6,123,6.8,61.8
TX-273,,75.6,126,10.3,65.3
TX-275,,58.8,111,5.4,53.4
TX-277,,60,116,6.3,53.7
TX-279,,53.5,115,5.4,48.1
TX-281,,64,125,7.1,56.9
TX-283,,72.6,125,8.4,64.2
TX-285,,70.8,126,9.5,61.3
TX-287,,67.5,125,8.2,59.3
TX-289,,65.2,124,7.5,57.7
TX-291,,69.5,126,9.1,60.4
TX-293,,64.4,124,7.5,56.9
TX-295,,52.2,117,6.3,45.9
TX-297,,72.3,126,8.2,64.1
TX-299,,65.7,125,7.9,57.8
TX-301,,61.2,121,6.1,55.1
TX-303,,55.6,115,5.8,49.8
TX-305,,56.5,112,4.9,51.6
TX-307,,64.3,125,8.1,56.2
TX-309,,64,125,6.9,57.1
TX-311,,71.8,125,7.6,64.2
TX-313,,66.9,125,8.5,58.4
TX-315,,62.3,118,5.9,56.4
TX-317,,59.4,115,5.2,54.2
TX-319,,64.6,125,7.6,57
TX-321,,71.4,126,9.6,61.8
TX-323,,71.6,125,8,63.6
TX-325,,68.7,125,7.2,61.5
TX-327,,63.3,125,7.7,55.6
TX-329,,61.2,119,6.3,54.9
TX-331,,66.4,125,8.3,58.1
TX-333,,63.3,123,7.3,56
TX-335,,61,118,6.2,54.8
TX-337,,60,118,6.5,53.5
TX-339,,69.3,125,9.5,59.8
TX-341,,52.4,117,6.6,45.8
TX-343,,61.3,117,6.2,55.1
TX-345,,56,107,4.8,51.2
TX-347,,65.3,123,7.5,57.8
TX-349,,64.4,123,7.6,56.8
TX-351,,67.5,125,8.7,58.8
TX-353,,60.7,120,6.7,54
TX-355,,74.6,126,9.6,65
TX-357,,51.8,116,6.1,45.7
TX-359,,52.3,115,5.9,46.4
TX-361,,68.9,125,8.7,60.2
TX-363,,61.4,120,6.5,54.9
TX-365,,64,121,6.6,57.4
TX-367,,61.6,118,6.5,55.1
TX-369,,52,115,5.7,46.3
TX-371,,62.7,122,6.7,56
TX-373,,67.6,125,8.5,59.1
TX-375,,53.1,118,6.5,46.6
TX-377,,61.7,121,5.5,56.2
TX-379,,62.6,123,7.8,54.8
TX-381,,52,112,5.5,46.5
TX-383,,62.4,121,6.9,55.5
TX-385,,65.5,125,7.2,58.3
TX-387,,60.6,119,6.9,53.7
TX-389,,61.6,121,6,55.6
TX-391,,72.5,126,9.1,63.4
TX-393,,53,116,6.4,46.6
TX-395,,66.2,125,8.2,58
TX-397,,62.6,123,7.6,55
TX-399,,61.8,119,6.3,55.5
TX-401,,64,122,6.8,57.2
TX-403,,66.3,125,8.4,57.9
TX-405,,66,124,8,58
TX-407,,68.2,125,8.8,59.4
TX-409,,73.3,126,8.9,64.4
TX-411,,64.6,125,7.8,56.8
TX-413,,62.1,122,6.4,55.7
TX-415,,59.6,117,5.9,53.7
TX-417,,60.4,114,5.9,54.5
TX-419,,64.7,123,7.1,57.6
TX-421,,51.2,114,6.2,45
TX-423,,62.9,119,6.5,56.4
TX-425,,63.8,125,7.5,56.3
TX-427,,76.2,125,7.9,68.3
TX-429,,60.6,116,6.1,54.5
TX-431,,61.8,122,6.8,55
TX-433,,58.9,109,5.1,53.8
TX-435,,62.6,119,6.1,56.5
TX-437,,52.6,108,5.1,47.5
TX-439,,62.6,118,6.7,55.9
TX-441,,60.3,115,5.7,54.6
TX-443,,64.1,120,5.6,58.5
TX-445,,55.8,112,4.8,51
TX-447,,59.6,111,5.6,54
TX-449,,61.5,118,7,54.5
TX-451,,62.6,122,6.5,56.1
TX-453,,66.8,125,7.7,59.1
TX-455,,66.5,125,7.9,58.6
TX-457,,67.4,125,8.5,58.9
TX-459,,62.2,118,6.4,55.8
TX-461,,62.7,120,6.6,56.1
TX-463,,69.2,125,7.7,61.5
TX-465,,65.6,118,5.4,60.2
TX-467,,63.1,122,7.6,55.5
TX-469,,72,126,9.6,62.4
TX-471,,67.5,125,8.6,58.9
TX-473,,69.8,125,9.5,60.3
TX-475,,62.5,121,6.5,56
TX-477,,69,125,9.2,59.8
TX-479,,73.6,125,8.2,65.4
TX-481,,71.3,126,9.9,61.4
TX-483,,54,116,6.2,47.8
TX-485,,58.6,113,5.6,53
TX-487,,58,113,5.4,52.6
TX-489,,75.7,126,8,67.7
TX-491,,66.1,125,7.8,58.3
TX-493,,69.6,125,7.5,62.1
TX-495,,60.8,119,6,54.8
TX-497,,61.1,120,6.6,54.5
TX-499,,62.5,120,7.3,55.2
TX-501,,55.1,113,5,50.1
TX-503,,60.1,119,6.2,53.9
TX-505,,75.2,125,7.6,67.6
TX-507,,71.5,125,8.2,63.3
UT-001,,39.6,90,2.2,37.4
UT-003,,40.6,106,3.8,36.8
UT-005,,36.3,108,4.4,31.9
UT-007,,35.8,93,2.8,33
UT-009,,32.2,89,2.9,29.3
UT-011,,42.4,114,5,37.4
UT-013,,34.2,105,4.4,29.8
UT-015,,42.3,98,3.1,39.2
UT-017,,39.8,92,2.6,37.2
UT-019,,44,110,4.6,39.4
UT-021,,38.9,82,1.5,37.4
UT-023,,41.8,95,3,38.8
UT-025,,43.3,89,2.2,41.1
UT-027,,42.4,93,2.7,39.7
UT-029,,37,113,5.3,31.7
UT-031,,35,93,2.8,32.2
UT-033,,32.5,103,4.4,28.1
UT-035,,41.5,110,4.4,37.1
UT-037,,45.2,103,3.6,41.6
UT-039,,36.5,104,3.7,32.8
UT-041,,36,92,2.5,33.5
UT-043,,30.5,98,3.8,26.7
UT-045,,42.9,98,3,39.9
UT-047,,38.5,106,4.4,34.1
UT-049,,39.1,101,3.7,35.4
UT-051,,33.4,103,4,29.4
UT-053,,44.9,61,0.3,44.6
UT-055,,43,100,3.3,39.7
UT-057,,39.2,114,5.2,34
VT-001,,33.9,111,5.6,28.3
VT-003,,34.3,116,6.3,28
VT-005,,30.9,107,5,25.9
VT-007,,35.1,118,7.2,27.9
VT-009,,29.6,107,4.9,24.7
VT-011,,34,117,7,27
VT-013,,35.5,117,7.1,28.4
VT-015,,32.4,116,6.8,25.6
VT-017,,33.2,113,5.9,27.3
VT-019,,30.6,110,5.5,25.1
VT-021,,33.5,112,5.3,28.2
VT-023,,32.3,114,6,26.3
VT-025,,35.1,114,5.8,29.3
VT-027,,34.2,115,5.8,28.4
VA-001,,51.7,123,6.8,44.9
VA-003,,51.9,121,7.5,44.4
VA-005,,48.8,120,6.5,42.3
VA-007,,53.6,122,6.8,46.8
VA-009,,51.8,123,7.4,44.4
VA-011,,52.7,122,7.4,45.3
VA-013,,50.9,121,6.8,44.1
VA-015,,48.4,120,6.7,41.7
VA-017,,47.8,119,6.7,41.1
VA-019,,52.9,123,7.6,45.3
VA-021,,47.3,117,6.2,41.1
VA-023,,50.7,120,6.3,44.4
VA-025,,54.8,123,7.3,47.5
VA-027,,50.7,117,6.8,43.9
VA-029,,53.2,122,7.4,45.8
VA-031,,53.4,123,8.1,45.3
VA-033,,52.7,122,7,45.7
VA-035,,49.1,121,6.9,42.2
VA-036,,54.8,122,6.6,48.2
VA-037,,53.2,122,7.1,46.1
VA-041,,53.9,122,6.5,47.4
VA-043,,48.6,120,6.9,41.7
VA-045,,49,122,6.8,42.2
VA-047,,50.9,122,7.1,43.8
VA-049,,53.6,122,7.3,46.3
VA-051,,50.7,117,6.6,44.1
VA-053,,54.7,123,7.2,47.5
VA-057,,52.6,121,6.4,46.2
VA-059,,50.7,121,7,43.7
VA-061,,49.9,121,7.2,42.7
VA-063,,48.3,122,7.1,41.2
VA-065,,53.5,123,7.9,45.6
VA-067,,52.8,123,7.5,45.3
VA-069,,47.9,121,6.8,41.1
VA-071,,47.9,119,6.3,41.6
VA-073,,54.3,123,6.8,47.5
VA-075,,53.3,122,7.2,46.1
VA-077,,47.3,121,7.1,40.2
VA-079,,50.3,122,7.5,42.8
VA-081,,55.2,123,7.1,48.1
VA-083,,54,123,7.3,46.7
VA-085,,53.2,123,6.8,46.4
VA-087,,53.9,122,6.5,47.4
VA-089,,53.6,123,6.9,46.7
VA-091,,45.2,120,7.1,38.1
VA-093,,55.7,123,7,48.7
VA-095,,54.8,123,6.8,48
VA-097,,53.3,122,6.5,46.8
VA-099,,52.6,122,7.3,45.3
VA-101,,53.5,123,6.6,46.9
VA-103,,52.8,122,6.6,46.2
VA-105,,50.7,113,5.2,45.5
VA-107,,49.3,121,7.1,42.2
VA-109,,52.4,122,7.2,45.2
VA-111,,53.7,122,7.1,46.6
VA-113,,49.6,121,7.1,42.5
VA-115,,53.9,123,6.9,47
VA-117,,54.2,123,6.9,47.3
VA-119,,53.4,123,6.7,46.7
VA-121,,49.9,122,7.1,42.8
VA-125,,50.9,121,7.1,43.8
VA-127,,54.1,123,6.6,47.5
VA-131,,53.3,123,6.9,46.4
VA-133,,52.3,123,6.8,45.5
VA-135,,53.9,122,7.2,46.7
VA-137,,51.8,123,7.4,44.4
VA-139,,47.8,120,6.7,41.1
VA-141,,51.5,121,6.6,44.9
VA-143,,54,123,7.4,46.6
VA-145,,53.5,122,7,46.5
VA-147,,53.1,122,6.9,46.2
VA-149,,54.9,122,6.5,48.4
VA-153,,51,122,7.2,43.8
VA-155,,49.4,121,6.9,42.5
VA-157,,48.5,120,6.8,41.7
VA-159,,52.2,121,6.3,45.9
VA-161,,51.4,122,7.1,44.3
VA-163,,50,121,6.5,43.5
VA-165,,48.4,121,7.1,41.3
VA-167,,51,121,7.6,43.4
VA-169,,51.6,115,6.1,45.5
VA-171,,48.2,121,6.7,41.5
VA-173,,48.5,122,7,41.5
VA-175,,55.7,123,7.2,48.5
VA-177,,51.7,122,7,44.7
VA-179,,51.7,122,7.2,44.5
VA-181,,55.3,123,6.9,48.4
VA-183,,55.4,123,7.2,48.2
VA-185,,47.8,117,6.8,41
VA-187,,48.3,120,6.8,41.5
VA-191,,51.2,122,7.3,43.9
VA-193,,52.2,122,6.7,45.5
VA-195,,48.9,112,5.6,43.3
VA-197,,48.6,121,6.9,41.7
VA-199,,55,123,6.9,48.1
VA-510,,51.5,121,6.9,44.6
VA-520,,52.5,120,6.9,45.6
VA-530,,51.4,121,6.6,44.8
VA-540,,52.4,121,7.4,45
VA-550,,56.1,123,7.3,48.8
VA-570,,54.4,122,6.2,48.2
VA-580,,50.2,119,6.2,44
VA-590,,54.9,123,7.1,47.8
VA-595,,55.2,123,7.1,48.1
VA-600,,50.3,121,6.8,43.5
VA-610,,50.2,121,6.7,43.5
VA-620,,56,123,7.2,48.8
VA-630,,51.7,122,7,44.7
VA-640,,49.3,121,7.1,42.2
VA-650,,55.4,123,6.8,48.6
VA-660,,49.7,121,7.1,42.6
VA-670,,54.6,121,6.1,48.5
VA-680,,53.5,123,8.3,45.2
VA-683,,50.9,122,7.2,43.7
VA-685,,50.8,121,7.1,43.7
VA-690,,53.4,123,6.7,46.7
VA-700,,55.4,123,6.8,48.6
VA-710,,56,123,7.2,48.8
VA-720,,48.8,112,5.3,43.5
VA-730,,54.6,122,6.5,48.1
VA-735,,55.1,123,6.8,48.3
VA-740,,56.2,123,7.1,49.1
VA-750,,49.9,122,7,42.9
VA-760,,53.8,122,6.5,47.3
VA-770,,52.9,123,7.2,45.7
VA-775,,52.7,123,7.2,45.5
VA-790,,49.4,120,6.6,42.8
VA-800,,56,123,7.1,48.9
VA-810,,55.8,123,7.4,48.4
VA-820,,49.8,121,6.8,43
VA-830,,55,123,7,48
VA-840,,48.2,120,6.7,41.5
WA-001,,40.2,51,-0.7,40.9
WA-003,,39.8,77,1.1,38.7
WA-005,,44.1,56,-0.4,44.5
WA-007,,34.5,74,0.5,34
WA-009,,39,35,-1.1,40.1
WA-011,,43.2,42,-1.2,44.4
WA-013,,39.2,68,0.4,38.8
WA-015,,41.5,59,-0.5,42
WA-017,,39.7,81,1,38.7
WA-019,,33.6,61,0,33.6
WA-021,,43.5,61,-0.1,43.6
WA-023,,39.6,71,0.7,38.9
WA-025,,41.9,65,0.1,41.8
WA-027,,41.1,24,-2,43.1
WA-029,,43.7,52,-0.5,44.2
WA-031,,36.8,40,-1.2,38
WA-033,,39.3,50,-0.7,40
WA-035,,43.4,46,-0.8,44.2
WA-037,,36.6,74,0.4,36.2
WA-039,,40.3,75,0.2,40.1
WA-041,,38.5,43,-1.2,39.7
WA-043,,37.8,49,-0.8,38.6
WA-045,,40.2,36,-1.3,41.5
WA-047,,33.8,81,0.7,33.1
WA-049,,41.6,27,-2,43.6
WA-051,,32.6,57,-0.1,32.7
WA-053,,38.3,48,-0.7,39
WA-055,,42.8,39,-1,43.8
WA-057,,37.3,47,-0.7,38
WA-059,,37.2,73,0.2,37
WA-061,,37.5,36,-1.3,38.8
WA-063,,37.8,60,0.1,37.7
WA-065,,35.7,58,-0.1,35.8
WA-067,,41.9,25,-2,43.9
WA-069,,42,37,-1.4,43.4
WA-071,,43.7,54,-0.3,44
WA-073,,35.5,53,-0.6,36.1
WA-075,,40.4,60,0.1,40.3
WA-077,,37.9,68,0,37.9
WV-001,,48,119,7.9,40.1
WV-003,,47.8,120,6.9,40.9
WV-005,,50.3,115,6.4,43.9
WV-007,,49.1,118,6.4,42.7
WV-009,,45.5,117,6.5,39
WV-011,,50.4,116,6.1,44.3
WV-013,,48.3,115,6.1,42.2
WV-015,,49.7,116,6.5,43.2
WV-017,,47.4,117,6.2,41.2
WV-019,,48.3,116,6.6,41.7
WV-021,,48.2,115,6,42.2
WV-023,,46.6,123,7.3,39.3
WV-025,,46.7,123,7.3,39.4
WV-027,,47.3,119,6.5,40.8
WV-029,,44.6,117,6,38.6
WV-031,,46.9,120,6.6,40.3
WV-033,,48.2,118,7.2,41
WV-035,,49.1,116,6.1,43
WV-037,,48.3,120,6.9,41.4
WV-039,,50.4,116,6.4,44
WV-041,,48.5,118,6.7,41.8
WV-043,,51,115,6.2,44.8
WV-045,,50.7,114,6,44.7
WV-047,,49.8,117,6.6,43.2
WV-049,,47.6,117,7.1,40.5
WV-051,,46.2,116,6.4,39.8
WV-053,,48.8,113,5.5,43.3
WV-055,,47.5,115,6,41.5
WV-057,,47.5,119,6.6,40.9
WV-059,,51.2,114,5.8,45.4
WV-061,,46.8,118,6.9,39.9
WV-063,,48.4,123,6.8,41.6
WV-065,,47.3,119,6.8,40.5
WV-067,,47.8,118,6.9,40.9
WV-069,,45.8,118,6.7,39.1
WV-071,,46.1,123,7.5,38.6
WV-073,,47.9,118,6.6,41.3
WV-075,,43.3,120,7,36.3
WV-077,,45.5,120,7.7,37.8
WV-079,,50,116,6.1,43.9
WV-081,,48.2,117,6.7,41.5
WV-083,,44.3,120,7.7,36.6
WV-085,,47.9,117,6.4,41.5
WV-087,,49,115,6.2,42.8
WV-089,,48.9,116,6.7,42.2
WV-091,,48.1,119,7.5,40.6
WV-093,,44.4,122,8.2,36.2
WV-095,,47.4,117,6.4,41
WV-097,,47.8,119,7.3,40.5
WV-099,,51,114,6.2,44.8
WV-101,,45.7,117,6.3,39.4
WV-103,,46.7,117,6.3,40.4
WV-105,,48.5,117,6.4,42.1
WV-107,,48.9,117,6.8,42.1
WV-109,,49.5,116,6.5,43
WI-001,,35.9,113,6.4,29.5
WI-003,,29.8,109,5.4,24.4
WI-005,,32.7,110,5.9,26.8
WI-007,,30.7,111,6,24.7
WI-009,,34.9,113,5.9,29
WI-011,,37.2,114,7.1,30.1
WI-013,,32.3,110,6,26.3
WI-015,,35.7,116,6.2,29.5
WI-017,,34.2,114,6.5,27.7
WI-019,,34.4,114,7,27.4
WI-021,,37.2,112,6.1,31.1
WI-023,,38.2,114,5.9,32.3
WI-025,,37.9,111,5.7,32.2
WI-027,,36.5,109,5.1,31.4
WI-029,,33,109,4.8,28.2
WI-031,,30.9,110,6,24.9
WI-033,,35.3,114,6.7,28.6
WI-035,,35.9,115,7.4,28.5
WI-037,,30.5,114,6.3,24.2
WI-039,,36.2,114,5.8,30.4
WI-041,,30,113,6,24
WI-043,,38.3,107,5.2,33.1
WI-045,,38.1,106,5,33.1
WI-047,,36.3,111,5.8,30.5
WI-049,,37.8,111,5.6,32.2
WI-051,,28.2,106,4.7,23.5
WI-053,,35.9,115,7,28.9
WI-055,,37.9,110,5.2,32.7
WI-057,,36.1,111,6.3,29.8
WI-059,,39,110,4.9,34.1
WI-061,,34.2,114,5.3,28.9
WI-063,,37,113,6.1,30.9
WI-065,,38.4,110,5.3,33.1
WI-067,,30.9,113,5.8,25.1
WI-069,,31.2,111,5.9,25.3
WI-071,,35.4,115,5.7,29.7
WI-073,,32.8,110,6,26.8
WI-075,,32.7,113,5.9,26.8
WI-077,,36.4,112,6.1,30.3
WI-078,,33,114,6,27
WI-079,,38.5,110,5.5,33
WI-081,,35.6,109,5.8,29.8
WI-083,,33.6,113,6.1,27.5
WI-085,,29.7,111,5.5,24.2
WI-087,,35.3,115,6.2,29.1
WI-089,,37.2,111,5.6,31.6
WI-091,,36.8,114,6.8,30
WI-093,,35.6,111,6.4,29.2
WI-095,,33.6,111,6.4,27.2
WI-097,,34.6,112,6.3,28.3
WI-099,,30.5,111,6.1,24.4
WI-101,,38.4,109,4.8,33.6
WI-103,,37.8,113,6,31.8
WI-105,,38.4,105,4.8,33.6
WI-107,,32.9,114,6.5,26.4
WI-109,,34.8,112,6.5,28.3
WI-111,,37.4,113,6.2,31.2
WI-113,,31.4,113,6.9,24.5
WI-115,,33.8,114,6.1,27.7
WI-117,,36.3,114,5.8,30.5
WI-119,,32.1,112,6.1,26
WI-121,,36.8,115,7,29.8
WI-123,,36.5,111,5.6,30.9
WI-125,,28.4,109,5.3,23.1
WI-127,,38.6,110,5.3,33.3
WI-129,,31.5,110,6,25.5
WI-131,,36.3,111,5.4,30.9
WI-133,,37.5,110,5.3,32.2
WI-135,,35,113,6.2,28.8
WI-137,,35.5,112,6.2,29.3
WI-139,,36,112,6,30
WI-141,,35,112,6.5,28.5
WY-001,,33,109,5.3,27.7
WY-003,,34.8,104,4.1,30.7
WY-005,,35.6,99,4.2,31.4
WY-007,,33.1,107,4.8,28.3
WY-009,,36.5,106,4.8,31.7
WY-011,,34.1,96,3.5,30.6
WY-013,,31.8,95,3.3,28.5
WY-015,,39.4,107,5,34.4
WY-017,,34.1,93,2.7,31.4
WY-019,,34,93,3.1,30.9
WY-021,,37.4,106,5,32.4
WY-023,,30.1,104,4.4,25.7
WY-025,,34.2,93,3.5,30.7
WY-027,,38.4,109,5.7,32.7
WY-029,,30.2,101,3.7,26.5
WY-031,,38.8,106,5,33.8
WY-033,,33.7,97,3.8,29.9
WY-035,,27,102,3.8,23.2
WY-037,,32.4,92,3.3,29.1
WY-039,,27.2,108,4.3,22.9
WY-041,,30.6,90,3,27.6
WY-043,,35.9,97,3.2,32.7
WY-045,,35.8,103,4.4,31.4
AK-013,,30.8,70,3.5,27.3
AK-016,,34,88,3.5,30.5
AK-020,,18,18,-3.6,21.6
AK-050,,16.4,56,1.7,14.7
AK-060,,21.4,43,-0.8,22.2
AK-068,,10.9,44,-0.7,11.6
AK-070,,19.3,48,0.6,18.7
AK-090,,9.3,31,-2.6,11.9
AK-100,,21.9,24,-2.2,24.1
AK-105,,26.8,25,-1.6,28.4
AK-110,,23.6,26,-1.9,25.5
AK-122,,21.2,32,-1.2,22.4
AK-130,,31,28,-1.1,32.1
AK-150,,28.8,53,1,27.8
AK-158,,15,64,3.3,11.7
AK-164,,22.4,45,-0.3,22.7
AK-170,,12.8,23,-3.2,16
AK-180,,10.7,78,6,4.7
AK-185,,-4.2,83,6,-10.2
AK-188,,4.6,72,4.3,0.3
AK-195,,26.3,23,-2,28.3
AK-198,,33.8,25,-1.4,35.2
AK-220,,31,29,-1.1,32.1
AK-230,,18.2,28,-1.8,20
AK-240,,6.2,26,-3.8,10
AK-261,,12.1,25,-3,15.1
AK-275,,30,23,-1.7,31.7
AK-282,,22.6,34,-1.2,23.8
AK-290,,7.8,54,0.9,6.9
